<component name="libraryTable">
  <library name="com.panforge:robots:1.2.1" type="repository">
    <properties maven-id="com.panforge:robots:1.2.1" />
    <CLASSES>
      <root url="jar://$PROJECT_DIR$/lib/robots-1.2.1.jar!/" />
      <root url="jar://$PROJECT_DIR$/lib/commons-lang3-3.4.jar!/" />
    </CLASSES>
    <JAVADOC>
      <root url="jar://$PROJECT_DIR$/lib/robots-1.2.1-javadoc.jar!/" />
      <root url="jar://$PROJECT_DIR$/lib/commons-lang3-3.4-javadoc.jar!/" />
    </JAVADOC>
    <SOURCES />
  </library>
</component>