<?xml version="1.0" encoding="UTF-8"?>
<project version="4">
  <component name="ChangeListManager">
    <list default="true" id="324654a8-c28f-48f5-8c9b-96372c942572" name="Default" comment="">
      <change beforePath="$PROJECT_DIR$/Crawler" afterPath="$PROJECT_DIR$/Crawler" />
      <change beforePath="$PROJECT_DIR$/Indexer/src/main/java/main.java" afterPath="$PROJECT_DIR$/Indexer/src/main/java/main.java" />
    </list>
    <option name="EXCLUDED_CONVERTED_TO_IGNORED" value="true" />
    <option name="TRACKING_ENABLED" value="true" />
    <option name="SHOW_DIALOG" value="false" />
    <option name="HIGHLIGHT_CONFLICTS" value="true" />
    <option name="HIGHLIGHT_NON_ACTIVE_CHANGELIST" value="false" />
    <option name="LAST_RESOLUTION" value="IGNORE" />
  </component>
  <component name="FileEditorManager">
    <leaf SIDE_TABS_SIZE_LIMIT_KEY="300">
      <file leaf-file-name="main.java" pinned="false" current-in-tab="true">
        <entry file="file://$PROJECT_DIR$/Indexer/src/main/java/main.java">
          <provider selected="true" editor-type-id="text-editor">
            <state relative-caret-position="378">
              <caret line="70" column="27" lean-forward="true" selection-start-line="70" selection-start-column="27" selection-end-line="70" selection-end-column="27" />
              <folding>
                <element signature="imports" expanded="true" />
              </folding>
            </state>
          </provider>
        </entry>
      </file>
      <file leaf-file-name="IndexerModel.java" pinned="false" current-in-tab="false">
        <entry file="file://$PROJECT_DIR$/Indexer/src/main/java/IndexerModel.java">
          <provider selected="true" editor-type-id="text-editor">
            <state relative-caret-position="0">
              <caret line="0" column="0" lean-forward="false" selection-start-line="0" selection-start-column="0" selection-end-line="0" selection-end-column="0" />
              <folding>
                <element signature="imports" expanded="true" />
              </folding>
            </state>
          </provider>
        </entry>
      </file>
      <file leaf-file-name="Indexer.java" pinned="false" current-in-tab="false">
        <entry file="file://$PROJECT_DIR$/Indexer/src/main/java/Indexer.java">
          <provider selected="true" editor-type-id="text-editor">
            <state relative-caret-position="0">
              <caret line="0" column="0" lean-forward="false" selection-start-line="0" selection-start-column="0" selection-end-line="0" selection-end-column="0" />
              <folding>
                <element signature="imports" expanded="true" />
              </folding>
            </state>
          </provider>
        </entry>
      </file>
    </leaf>
  </component>
  <component name="Git.Settings">
    <option name="RECENT_GIT_ROOT_PATH" value="$PROJECT_DIR$" />
  </component>
  <component name="GradleLocalSettings">
    <option name="externalProjectsViewState">
      <projects_view />
    </option>
  </component>
  <component name="IdeDocumentHistory">
    <option name="CHANGED_PATHS">
      <list>
        <option value="$PROJECT_DIR$/Indexer/src/main/java/main.java" />
      </list>
    </option>
  </component>
  <component name="JsBuildToolGruntFileManager" detection-done="true" sorting="DEFINITION_ORDER" />
  <component name="JsBuildToolPackageJson" detection-done="true" sorting="DEFINITION_ORDER" />
  <component name="JsGulpfileManager">
    <detection-done>true</detection-done>
    <sorting>DEFINITION_ORDER</sorting>
  </component>
  <component name="ProjectFrameBounds" extendedState="6">
    <option name="x" value="307" />
    <option name="y" value="27" />
    <option name="width" value="1400" />
    <option name="height" value="1000" />
  </component>
  <component name="ProjectView">
    <navigator currentView="ProjectPane" proportions="" version="1">
      <flattenPackages />
      <showMembers />
      <showModules />
      <showLibraryContents />
      <hideEmptyPackages />
      <abbreviatePackageNames />
      <autoscrollToSource />
      <autoscrollFromSource />
      <sortByType />
      <manualOrder />
      <foldersAlwaysOnTop value="true" />
    </navigator>
    <panes>
      <pane id="AndroidView" />
      <pane id="ProjectPane">
        <subPane>
          <expand>
            <path>
              <item name="Crawler-based-Search-Engine" type="b2602c69:ProjectViewProjectNode" />
              <item name="Crawler-based-Search-Engine" type="462c0819:PsiDirectoryNode" />
            </path>
            <path>
              <item name="Crawler-based-Search-Engine" type="b2602c69:ProjectViewProjectNode" />
              <item name="Crawler-based-Search-Engine" type="462c0819:PsiDirectoryNode" />
              <item name="Crawler" type="462c0819:PsiDirectoryNode" />
            </path>
            <path>
              <item name="Crawler-based-Search-Engine" type="b2602c69:ProjectViewProjectNode" />
              <item name="Crawler-based-Search-Engine" type="462c0819:PsiDirectoryNode" />
              <item name="Indexer" type="462c0819:PsiDirectoryNode" />
            </path>
            <path>
              <item name="Crawler-based-Search-Engine" type="b2602c69:ProjectViewProjectNode" />
              <item name="Crawler-based-Search-Engine" type="462c0819:PsiDirectoryNode" />
              <item name="Indexer" type="462c0819:PsiDirectoryNode" />
              <item name="src" type="462c0819:PsiDirectoryNode" />
            </path>
            <path>
              <item name="Crawler-based-Search-Engine" type="b2602c69:ProjectViewProjectNode" />
              <item name="Crawler-based-Search-Engine" type="462c0819:PsiDirectoryNode" />
              <item name="Indexer" type="462c0819:PsiDirectoryNode" />
              <item name="src" type="462c0819:PsiDirectoryNode" />
              <item name="main" type="462c0819:PsiDirectoryNode" />
            </path>
            <path>
              <item name="Crawler-based-Search-Engine" type="b2602c69:ProjectViewProjectNode" />
              <item name="Crawler-based-Search-Engine" type="462c0819:PsiDirectoryNode" />
              <item name="Indexer" type="462c0819:PsiDirectoryNode" />
              <item name="src" type="462c0819:PsiDirectoryNode" />
              <item name="main" type="462c0819:PsiDirectoryNode" />
              <item name="java" type="462c0819:PsiDirectoryNode" />
            </path>
          </expand>
          <select />
        </subPane>
      </pane>
      <pane id="Scope" />
      <pane id="PackagesPane" />
      <pane id="Scratches" />
    </panes>
  </component>
  <component name="PropertiesComponent">
    <property name="nodejs_interpreter_path.stuck_in_default_project" value="undefined stuck path" />
    <property name="WebServerToolWindowFactoryState" value="false" />
    <property name="aspect.path.notification.shown" value="true" />
    <property name="last_opened_file_path" value="$PROJECT_DIR$/../mongodb_test" />
    <property name="js.buildTools.grunt.grunt-cli.package" value="" />
    <property name="js.buildTools.gulp.gulp_package_dir" value="" />
    <property name="nodejs.jest.jest_package" value="" />
    <property name="nodejs.protractor.protractor_package" value="" />
  </component>
  <component name="RunDashboard">
    <option name="ruleStates">
      <list>
        <RuleState>
          <option name="name" value="ConfigurationTypeDashboardGroupingRule" />
        </RuleState>
        <RuleState>
          <option name="name" value="StatusDashboardGroupingRule" />
        </RuleState>
      </list>
    </option>
  </component>
  <component name="RunManager">
    <configuration default="true" type="Applet" factoryName="Applet">
      <option name="HTML_USED" value="false" />
      <option name="WIDTH" value="400" />
      <option name="HEIGHT" value="300" />
      <option name="POLICY_FILE" value="$APPLICATION_HOME_DIR$/bin/appletviewer.policy" />
      <module />
    </configuration>
    <configuration default="true" type="Application" factoryName="Application">
      <extension name="coverage" enabled="false" merge="false" sample_coverage="true" runner="idea" />
      <option name="MAIN_CLASS_NAME" />
      <option name="VM_PARAMETERS" />
      <option name="PROGRAM_PARAMETERS" />
      <option name="WORKING_DIRECTORY" value="$PROJECT_DIR$" />
      <option name="ALTERNATIVE_JRE_PATH_ENABLED" value="false" />
      <option name="ALTERNATIVE_JRE_PATH" />
      <option name="ENABLE_SWING_INSPECTOR" value="false" />
      <option name="ENV_VARIABLES" />
      <option name="PASS_PARENT_ENVS" value="true" />
      <module name="" />
      <envs />
    </configuration>
    <configuration default="true" type="JUnit" factoryName="JUnit">
      <extension name="coverage" enabled="false" merge="false" sample_coverage="true" runner="idea" />
      <module name="" />
      <option name="ALTERNATIVE_JRE_PATH_ENABLED" value="false" />
      <option name="ALTERNATIVE_JRE_PATH" />
      <option name="PACKAGE_NAME" />
      <option name="MAIN_CLASS_NAME" />
      <option name="METHOD_NAME" />
      <option name="TEST_OBJECT" value="class" />
      <option name="VM_PARAMETERS" value="-ea" />
      <option name="PARAMETERS" />
      <option name="WORKING_DIRECTORY" value="%MODULE_WORKING_DIR%" />
      <option name="ENV_VARIABLES" />
      <option name="PASS_PARENT_ENVS" value="true" />
      <option name="TEST_SEARCH_SCOPE">
        <value defaultName="singleModule" />
      </option>
      <envs />
      <patterns />
    </configuration>
    <configuration default="true" type="Remote" factoryName="Remote">
      <option name="USE_SOCKET_TRANSPORT" value="true" />
      <option name="SERVER_MODE" value="false" />
      <option name="SHMEM_ADDRESS" value="javadebug" />
      <option name="HOST" value="localhost" />
      <option name="PORT" value="5005" />
    </configuration>
    <configuration default="true" type="TestNG" factoryName="TestNG">
      <extension name="coverage" enabled="false" merge="false" sample_coverage="true" runner="idea" />
      <module name="" />
      <option name="ALTERNATIVE_JRE_PATH_ENABLED" value="false" />
      <option name="ALTERNATIVE_JRE_PATH" />
      <option name="SUITE_NAME" />
      <option name="PACKAGE_NAME" />
      <option name="MAIN_CLASS_NAME" />
      <option name="METHOD_NAME" />
      <option name="GROUP_NAME" />
      <option name="TEST_OBJECT" value="CLASS" />
      <option name="VM_PARAMETERS" value="-ea" />
      <option name="PARAMETERS" />
      <option name="WORKING_DIRECTORY" value="%MODULE_WORKING_DIR%" />
      <option name="OUTPUT_DIRECTORY" />
      <option name="ANNOTATION_TYPE" />
      <option name="ENV_VARIABLES" />
      <option name="PASS_PARENT_ENVS" value="true" />
      <option name="TEST_SEARCH_SCOPE">
        <value defaultName="singleModule" />
      </option>
      <option name="USE_DEFAULT_REPORTERS" value="false" />
      <option name="PROPERTIES_FILE" />
      <envs />
      <properties />
      <listeners />
    </configuration>
    <configuration default="true" type="#org.jetbrains.idea.devkit.run.PluginConfigurationType" factoryName="Plugin">
      <module name="" />
      <option name="VM_PARAMETERS" value="-Xmx512m -Xms256m -XX:MaxPermSize=250m -ea" />
      <option name="PROGRAM_PARAMETERS" />
      <predefined_log_file id="idea.log" enabled="true" />
    </configuration>
    <configuration default="true" type="js.build_tools.grunt" factoryName="Grunt.js">
      <node-interpreter value="project" />
      <envs />
    </configuration>
    <configuration default="true" type="js.build_tools.gulp" factoryName="Gulp.js">
      <node-interpreter>project</node-interpreter>
      <node-options />
      <gulpfile />
      <tasks />
      <arguments />
      <envs />
    </configuration>
  </component>
  <component name="ShelveChangesManager" show_recycled="false">
    <option name="remove_strategy" value="false" />
  </component>
  <component name="SvnConfiguration">
    <configuration />
  </component>
  <component name="TaskManager">
    <task active="true" id="Default" summary="Default task">
      <changelist id="324654a8-c28f-48f5-8c9b-96372c942572" name="Default" comment="" />
      <created>1520869897584</created>
      <option name="number" value="Default" />
      <option name="presentableId" value="Default" />
      <updated>1520869897584</updated>
      <workItem from="1520869898967" duration="89000" />
      <workItem from="1524414945843" duration="704000" />
    </task>
    <servers />
  </component>
  <component name="TimeTrackingManager">
    <option name="totallyTimeSpent" value="793000" />
  </component>
  <component name="ToolWindowManager">
    <frame x="307" y="27" width="1853" height="1055" extended-state="6" />
    <editor active="true" />
    <layout>
      <window_info id="Palette" active="false" anchor="right" auto_hide="false" internal_type="DOCKED" type="DOCKED" visible="false" show_stripe_button="true" weight="0.33" sideWeight="0.5" order="3" side_tool="false" content_ui="tabs" />
      <window_info id="TODO" active="false" anchor="bottom" auto_hide="false" internal_type="DOCKED" type="DOCKED" visible="false" show_stripe_button="true" weight="0.33" sideWeight="0.5" order="6" side_tool="false" content_ui="tabs" />
      <window_info id="Palette&#9;" active="false" anchor="right" auto_hide="false" internal_type="DOCKED" type="DOCKED" visible="false" show_stripe_button="true" weight="0.33" sideWeight="0.5" order="3" side_tool="false" content_ui="tabs" />
      <window_info id="Image Layers" active="false" anchor="left" auto_hide="false" internal_type="DOCKED" type="DOCKED" visible="false" show_stripe_button="true" weight="0.33" sideWeight="0.5" order="2" side_tool="false" content_ui="tabs" />
      <window_info id="Capture Analysis" active="false" anchor="right" auto_hide="false" internal_type="DOCKED" type="DOCKED" visible="false" show_stripe_button="true" weight="0.33" sideWeight="0.5" order="3" side_tool="false" content_ui="tabs" />
      <window_info id="Event Log" active="false" anchor="bottom" auto_hide="false" internal_type="DOCKED" type="DOCKED" visible="false" show_stripe_button="true" weight="0.33" sideWeight="0.5" order="7" side_tool="true" content_ui="tabs" />
      <window_info id="Maven Projects" active="false" anchor="right" auto_hide="false" internal_type="DOCKED" type="DOCKED" visible="false" show_stripe_button="true" weight="0.33" sideWeight="0.5" order="3" side_tool="false" content_ui="tabs" />
      <window_info id="Run" active="false" anchor="bottom" auto_hide="false" internal_type="DOCKED" type="DOCKED" visible="false" show_stripe_button="true" weight="0.33" sideWeight="0.5" order="2" side_tool="false" content_ui="tabs" />
      <window_info id="Version Control" active="false" anchor="bottom" auto_hide="false" internal_type="DOCKED" type="DOCKED" visible="false" show_stripe_button="true" weight="0.33" sideWeight="0.5" order="7" side_tool="false" content_ui="tabs" />
      <window_info id="Terminal" active="false" anchor="bottom" auto_hide="false" internal_type="DOCKED" type="DOCKED" visible="false" show_stripe_button="true" weight="0.33" sideWeight="0.5" order="7" side_tool="false" content_ui="tabs" />
      <window_info id="Capture Tool" active="false" anchor="left" auto_hide="false" internal_type="DOCKED" type="DOCKED" visible="false" show_stripe_button="true" weight="0.33" sideWeight="0.5" order="2" side_tool="false" content_ui="tabs" />
      <window_info id="Designer" active="false" anchor="left" auto_hide="false" internal_type="DOCKED" type="DOCKED" visible="false" show_stripe_button="true" weight="0.33" sideWeight="0.5" order="2" side_tool="false" content_ui="tabs" />
      <window_info id="Project" active="false" anchor="left" auto_hide="false" internal_type="DOCKED" type="DOCKED" visible="true" show_stripe_button="true" weight="0.24986508" sideWeight="0.5" order="0" side_tool="false" content_ui="combo" />
      <window_info id="Database" active="false" anchor="right" auto_hide="false" internal_type="DOCKED" type="DOCKED" visible="false" show_stripe_button="true" weight="0.33" sideWeight="0.5" order="3" side_tool="false" content_ui="tabs" />
      <window_info id="Structure" active="false" anchor="left" auto_hide="false" internal_type="DOCKED" type="DOCKED" visible="false" show_stripe_button="true" weight="0.25" sideWeight="0.5" order="1" side_tool="false" content_ui="tabs" />
      <window_info id="Ant Build" active="false" anchor="right" auto_hide="false" internal_type="DOCKED" type="DOCKED" visible="false" show_stripe_button="true" weight="0.25" sideWeight="0.5" order="1" side_tool="false" content_ui="tabs" />
      <window_info id="UI Designer" active="false" anchor="left" auto_hide="false" internal_type="DOCKED" type="DOCKED" visible="false" show_stripe_button="true" weight="0.33" sideWeight="0.5" order="2" side_tool="false" content_ui="tabs" />
      <window_info id="Theme Preview" active="false" anchor="right" auto_hide="false" internal_type="DOCKED" type="DOCKED" visible="false" show_stripe_button="true" weight="0.33" sideWeight="0.5" order="3" side_tool="false" content_ui="tabs" />
      <window_info id="Debug" active="false" anchor="bottom" auto_hide="false" internal_type="DOCKED" type="DOCKED" visible="false" show_stripe_button="true" weight="0.4" sideWeight="0.5" order="3" side_tool="false" content_ui="tabs" />
      <window_info id="Favorites" active="false" anchor="left" auto_hide="false" internal_type="DOCKED" type="DOCKED" visible="false" show_stripe_button="true" weight="0.33" sideWeight="0.5" order="2" side_tool="true" content_ui="tabs" />
      <window_info id="Cvs" active="false" anchor="bottom" auto_hide="false" internal_type="DOCKED" type="DOCKED" visible="false" show_stripe_button="true" weight="0.25" sideWeight="0.5" order="4" side_tool="false" content_ui="tabs" />
      <window_info id="Message" active="false" anchor="bottom" auto_hide="false" internal_type="DOCKED" type="DOCKED" visible="false" show_stripe_button="true" weight="0.33" sideWeight="0.5" order="0" side_tool="false" content_ui="tabs" />
      <window_info id="Commander" active="false" anchor="right" auto_hide="false" internal_type="DOCKED" type="DOCKED" visible="false" show_stripe_button="true" weight="0.4" sideWeight="0.5" order="0" side_tool="false" content_ui="tabs" />
      <window_info id="Hierarchy" active="false" anchor="right" auto_hide="false" internal_type="DOCKED" type="DOCKED" visible="false" show_stripe_button="true" weight="0.25" sideWeight="0.5" order="2" side_tool="false" content_ui="combo" />
      <window_info id="Inspection" active="false" anchor="bottom" auto_hide="false" internal_type="DOCKED" type="DOCKED" visible="false" show_stripe_button="true" weight="0.4" sideWeight="0.5" order="5" side_tool="false" content_ui="tabs" />
      <window_info id="Find" active="false" anchor="bottom" auto_hide="false" internal_type="DOCKED" type="DOCKED" visible="false" show_stripe_button="true" weight="0.33" sideWeight="0.5" order="1" side_tool="false" content_ui="tabs" />
    </layout>
  </component>
  <component name="TypeScriptGeneratedFilesManager">
    <option name="version" value="1" />
  </component>
  <component name="VcsContentAnnotationSettings">
    <option name="myLimit" value="2678400000" />
  </component>
  <component name="XDebuggerManager">
    <breakpoint-manager />
    <watches-manager />
  </component>
  <component name="editorHistoryManager">
    <entry file="file://$PROJECT_DIR$/Indexer/src/main/java/main.java">
      <provider selected="true" editor-type-id="text-editor">
        <state relative-caret-position="0">
          <caret line="0" column="0" lean-forward="false" selection-start-line="0" selection-start-column="0" selection-end-line="0" selection-end-column="0" />
          <folding>
            <element signature="imports" expanded="true" />
          </folding>
        </state>
      </provider>
    </entry>
    <entry file="file://$PROJECT_DIR$/Indexer/src/main/java/Indexer.java">
      <provider selected="true" editor-type-id="text-editor">
        <state relative-caret-position="0">
          <caret line="0" column="0" lean-forward="false" selection-start-line="0" selection-start-column="0" selection-end-line="0" selection-end-column="0" />
          <folding>
            <element signature="imports" expanded="true" />
          </folding>
        </state>
      </provider>
    </entry>
    <entry file="file://$PROJECT_DIR$/Indexer/src/main/java/IndexerModel.java">
      <provider selected="true" editor-type-id="text-editor">
        <state relative-caret-position="0">
          <caret line="0" column="0" lean-forward="false" selection-start-line="0" selection-start-column="0" selection-end-line="0" selection-end-column="0" />
          <folding>
            <element signature="imports" expanded="true" />
          </folding>
        </state>
      </provider>
    </entry>
    <entry file="file://$PROJECT_DIR$/Indexer/src/main/java/main.java">
      <provider selected="true" editor-type-id="text-editor">
        <state relative-caret-position="378">
          <caret line="70" column="27" lean-forward="true" selection-start-line="70" selection-start-column="27" selection-end-line="70" selection-end-column="27" />
          <folding>
            <element signature="imports" expanded="true" />
          </folding>
        </state>
      </provider>
    </entry>
  </component>
</project>