<?xml version="1.0" encoding="UTF-8"?>
<project version="4">
  <component name="ChangeListManager">
    <list default="true" id="a09c5738-93ce-4449-ab43-0291df8f275f" name="Default" comment="" />
    <ignored path="$PROJECT_DIR$/out/" />
    <ignored path="$PROJECT_DIR$/target/" />
    <option name="EXCLUDED_CONVERTED_TO_IGNORED" value="true" />
    <option name="TRACKING_ENABLED" value="true" />
    <option name="SHOW_DIALOG" value="false" />
    <option name="HIGHLIGHT_CONFLICTS" value="true" />
    <option name="HIGHLIGHT_NON_ACTIVE_CHANGELIST" value="false" />
    <option name="LAST_RESOLUTION" value="IGNORE" />
  </component>
  <component name="CoverageDataManager">
    <SUITE FILE_PATH="coverage/Indexer$main.coverage" NAME="main Coverage Results" MODIFIED="1524498630066" SOURCE_PROVIDER="com.intellij.coverage.DefaultCoverageFileProvider" RUNNER="idea" COVERAGE_BY_TEST_ENABLED="false" COVERAGE_TRACING_ENABLED="false" />
  </component>
  <component name="FileEditorManager">
    <leaf SIDE_TABS_SIZE_LIMIT_KEY="300">
      <file leaf-file-name="main.java" pinned="false" current-in-tab="true">
        <entry file="file://$PROJECT_DIR$/src/main/java/main.java">
          <provider selected="true" editor-type-id="text-editor">
            <state relative-caret-position="283">
              <caret line="92" column="40" lean-forward="true" selection-start-line="92" selection-start-column="40" selection-end-line="92" selection-end-column="40" />
              <folding>
                <element signature="imports" expanded="true" />
                <marker date="1524921524412" expanded="false" signature="7801:7809" ph="&lt;~&gt;" />
              </folding>
            </state>
          </provider>
        </entry>
      </file>
      <file leaf-file-name="Indexer.java" pinned="false" current-in-tab="false">
        <entry file="file://$PROJECT_DIR$/src/main/java/Indexer.java">
          <provider selected="true" editor-type-id="text-editor">
            <state relative-caret-position="168">
              <caret line="61" column="21" lean-forward="true" selection-start-line="61" selection-start-column="21" selection-end-line="61" selection-end-column="21" />
              <folding>
                <element signature="imports" expanded="true" />
                <element signature="e#911#925#0" expanded="true" />
                <element signature="e#3130#3152#0" expanded="true" />
              </folding>
            </state>
          </provider>
        </entry>
      </file>
      <file leaf-file-name="Search.java" pinned="false" current-in-tab="false">
        <entry file="file://$PROJECT_DIR$/src/main/java/Search.java">
          <provider selected="true" editor-type-id="text-editor">
            <state relative-caret-position="384">
              <caret line="60" column="30" lean-forward="true" selection-start-line="59" selection-start-column="0" selection-end-line="60" selection-end-column="30" />
              <folding>
                <element signature="imports" expanded="true" />
                <element signature="method#normal_search#0;class#Search#0" expanded="false" />
              </folding>
            </state>
          </provider>
        </entry>
      </file>
      <file leaf-file-name="PageScore.java" pinned="false" current-in-tab="false">
        <entry file="file://$PROJECT_DIR$/src/main/java/PageScore.java">
          <provider selected="true" editor-type-id="text-editor">
            <state relative-caret-position="144">
              <caret line="6" column="5" lean-forward="false" selection-start-line="0" selection-start-column="0" selection-end-line="15" selection-end-column="0" />
              <folding />
            </state>
          </provider>
        </entry>
      </file>
      <file leaf-file-name="Page.java" pinned="false" current-in-tab="false">
        <entry file="file://$PROJECT_DIR$/src/main/java/Page.java">
          <provider selected="true" editor-type-id="text-editor">
            <state relative-caret-position="96">
              <caret line="4" column="21" lean-forward="false" selection-start-line="4" selection-start-column="21" selection-end-line="4" selection-end-column="21" />
              <folding />
            </state>
          </provider>
        </entry>
      </file>
    </leaf>
  </component>
  <component name="FileTemplateManagerImpl">
    <option name="RECENT_TEMPLATES">
      <list>
        <option value="Interface" />
        <option value="Class" />
      </list>
    </option>
  </component>
  <component name="FindInProjectRecents">
    <findStrings>
      <find>next()</find>
      <find>&lt;p&gt;</find>
      <find>IntelliJ</find>
      <find>print</find>
      <find>System.</find>
      <find>ownT</find>
      <find>Sys</find>
      <find>Integer</find>
      <find>System</find>
      <find>synch</find>
      <find>----</find>
      <find>up</find>
      <find>sys</find>
      <find>out</find>
      <find>error</find>
      <find>list</find>
      <find>terms_map</find>
      <find>collection</find>
      <find>first</find>
      <find>the</find>
      <find>start</find>
      <find>finished</find>
    </findStrings>
  </component>
  <component name="GradleLocalSettings">
    <option name="externalProjectsViewState">
      <projects_view />
    </option>
  </component>
  <component name="IdeDocumentHistory">
    <option name="CHANGED_PATHS">
      <list>
        <option value="$PROJECT_DIR$/src/main/java/IndexerModel.java" />
        <option value="$PROJECT_DIR$/src/main/java/Term.java" />
        <option value="$PROJECT_DIR$/src/main/java/Page.java" />
        <option value="$PROJECT_DIR$/src/main/java/input.txt" />
        <option value="$PROJECT_DIR$/src/main/in.html" />
        <option value="$PROJECT_DIR$/pom.xml" />
        <option value="$PROJECT_DIR$/src/main/java/WordProcessing/WordProcessing.java" />
        <option value="$PROJECT_DIR$/src/main/java/Stemmer.java" />
        <option value="$PROJECT_DIR$/src/main/java/PageScore.java" />
        <option value="$PROJECT_DIR$/src/main/java/Search.java" />
        <option value="$PROJECT_DIR$/src/main/java/main.java" />
        <option value="$PROJECT_DIR$/src/main/java/Indexer.java" />
      </list>
    </option>
  </component>
  <component name="JsBuildToolGruntFileManager" detection-done="true" sorting="DEFINITION_ORDER" />
  <component name="JsBuildToolPackageJson" detection-done="true" sorting="DEFINITION_ORDER" />
  <component name="JsGulpfileManager">
    <detection-done>true</detection-done>
    <sorting>DEFINITION_ORDER</sorting>
  </component>
  <component name="ProjectFrameBounds" extendedState="6">
    <option name="y" value="52" />
    <option name="width" value="1366" />
    <option name="height" value="716" />
  </component>
  <component name="ProjectView">
    <navigator currentView="ProjectPane" proportions="" version="1">
      <flattenPackages />
      <showMembers />
      <showModules />
      <showLibraryContents />
      <hideEmptyPackages />
      <abbreviatePackageNames />
      <autoscrollToSource />
      <autoscrollFromSource />
      <sortByType />
      <manualOrder />
      <foldersAlwaysOnTop value="true" />
    </navigator>
    <panes>
      <pane id="Scratches" />
      <pane id="Scope" />
      <pane id="PackagesPane" />
      <pane id="AndroidView" />
      <pane id="ProjectPane">
        <subPane>
          <expand>
            <path>
              <item name="Indexer" type="b2602c69:ProjectViewProjectNode" />
              <item name="Indexer" type="462c0819:PsiDirectoryNode" />
            </path>
            <path>
              <item name="Indexer" type="b2602c69:ProjectViewProjectNode" />
              <item name="Indexer" type="462c0819:PsiDirectoryNode" />
              <item name="src" type="462c0819:PsiDirectoryNode" />
            </path>
            <path>
              <item name="Indexer" type="b2602c69:ProjectViewProjectNode" />
              <item name="Indexer" type="462c0819:PsiDirectoryNode" />
              <item name="src" type="462c0819:PsiDirectoryNode" />
              <item name="main" type="462c0819:PsiDirectoryNode" />
            </path>
            <path>
              <item name="Indexer" type="b2602c69:ProjectViewProjectNode" />
              <item name="Indexer" type="462c0819:PsiDirectoryNode" />
              <item name="src" type="462c0819:PsiDirectoryNode" />
              <item name="main" type="462c0819:PsiDirectoryNode" />
              <item name="java" type="462c0819:PsiDirectoryNode" />
            </path>
          </expand>
          <select />
        </subPane>
      </pane>
    </panes>
  </component>
  <component name="PropertiesComponent">
    <property name="nodejs_interpreter_path.stuck_in_default_project" value="undefined stuck path" />
    <property name="WebServerToolWindowFactoryState" value="false" />
    <property name="aspect.path.notification.shown" value="true" />
    <property name="settings.editor.selected.configurable" value="preferences.lookFeel" />
    <property name="last_opened_file_path" value="$PROJECT_DIR$" />
  </component>
  <component name="RecentsManager">
    <key name="MoveFile.RECENT_KEYS">
      <recent name="$PROJECT_DIR$/src/main" />
    </key>
    <key name="CreateClassDialog.RecentsKey">
      <recent name="WordProcessing" />
    </key>
    <key name="CopyFile.RECENT_KEYS">
      <recent name="$PROJECT_DIR$/src/main" />
    </key>
  </component>
  <component name="RunDashboard">
    <option name="ruleStates">
      <list>
        <RuleState>
          <option name="name" value="ConfigurationTypeDashboardGroupingRule" />
        </RuleState>
        <RuleState>
          <option name="name" value="StatusDashboardGroupingRule" />
        </RuleState>
      </list>
    </option>
  </component>
  <component name="RunManager">
    <configuration default="true" type="Applet" factoryName="Applet">
      <option name="HTML_USED" value="false" />
      <option name="WIDTH" value="400" />
      <option name="HEIGHT" value="300" />
      <option name="POLICY_FILE" value="$APPLICATION_HOME_DIR$/bin/appletviewer.policy" />
      <module />
    </configuration>
    <configuration default="true" type="Application" factoryName="Application">
      <extension name="coverage" enabled="false" merge="false" sample_coverage="true" runner="idea" />
      <option name="MAIN_CLASS_NAME" />
      <option name="VM_PARAMETERS" />
      <option name="PROGRAM_PARAMETERS" />
      <option name="WORKING_DIRECTORY" value="$PROJECT_DIR$" />
      <option name="ALTERNATIVE_JRE_PATH_ENABLED" value="false" />
      <option name="ALTERNATIVE_JRE_PATH" />
      <option name="ENABLE_SWING_INSPECTOR" value="false" />
      <option name="ENV_VARIABLES" />
      <option name="PASS_PARENT_ENVS" value="true" />
      <module name="" />
      <envs />
    </configuration>
    <configuration name="main" type="Application" factoryName="Application" temporary="true" nameIsGenerated="true">
      <extension name="coverage" enabled="false" merge="false" sample_coverage="true" runner="idea" />
      <option name="MAIN_CLASS_NAME" value="main" />
      <option name="VM_PARAMETERS" />
      <option name="PROGRAM_PARAMETERS" />
      <option name="WORKING_DIRECTORY" value="$PROJECT_DIR$" />
      <option name="ALTERNATIVE_JRE_PATH_ENABLED" value="false" />
      <option name="ALTERNATIVE_JRE_PATH" />
      <option name="ENABLE_SWING_INSPECTOR" value="false" />
      <option name="ENV_VARIABLES" />
      <option name="PASS_PARENT_ENVS" value="true" />
      <module name="Indexer" />
      <envs />
    </configuration>
    <configuration default="true" type="JUnit" factoryName="JUnit">
      <extension name="coverage" enabled="false" merge="false" sample_coverage="true" runner="idea" />
      <module name="" />
      <option name="ALTERNATIVE_JRE_PATH_ENABLED" value="false" />
      <option name="ALTERNATIVE_JRE_PATH" />
      <option name="PACKAGE_NAME" />
      <option name="MAIN_CLASS_NAME" />
      <option name="METHOD_NAME" />
      <option name="TEST_OBJECT" value="class" />
      <option name="VM_PARAMETERS" value="-ea" />
      <option name="PARAMETERS" />
      <option name="WORKING_DIRECTORY" value="%MODULE_WORKING_DIR%" />
      <option name="ENV_VARIABLES" />
      <option name="PASS_PARENT_ENVS" value="true" />
      <option name="TEST_SEARCH_SCOPE">
        <value defaultName="singleModule" />
      </option>
      <envs />
      <patterns />
    </configuration>
    <configuration default="true" type="Remote" factoryName="Remote">
      <option name="USE_SOCKET_TRANSPORT" value="true" />
      <option name="SERVER_MODE" value="false" />
      <option name="SHMEM_ADDRESS" value="javadebug" />
      <option name="HOST" value="localhost" />
      <option name="PORT" value="5005" />
    </configuration>
    <configuration default="true" type="TestNG" factoryName="TestNG">
      <extension name="coverage" enabled="false" merge="false" sample_coverage="true" runner="idea" />
      <module name="" />
      <option name="ALTERNATIVE_JRE_PATH_ENABLED" value="false" />
      <option name="ALTERNATIVE_JRE_PATH" />
      <option name="SUITE_NAME" />
      <option name="PACKAGE_NAME" />
      <option name="MAIN_CLASS_NAME" />
      <option name="METHOD_NAME" />
      <option name="GROUP_NAME" />
      <option name="TEST_OBJECT" value="CLASS" />
      <option name="VM_PARAMETERS" value="-ea" />
      <option name="PARAMETERS" />
      <option name="WORKING_DIRECTORY" value="%MODULE_WORKING_DIR%" />
      <option name="OUTPUT_DIRECTORY" />
      <option name="ANNOTATION_TYPE" />
      <option name="ENV_VARIABLES" />
      <option name="PASS_PARENT_ENVS" value="true" />
      <option name="TEST_SEARCH_SCOPE">
        <value defaultName="singleModule" />
      </option>
      <option name="USE_DEFAULT_REPORTERS" value="false" />
      <option name="PROPERTIES_FILE" />
      <envs />
      <properties />
      <listeners />
    </configuration>
    <configuration default="true" type="#org.jetbrains.idea.devkit.run.PluginConfigurationType" factoryName="Plugin">
      <module name="" />
      <option name="VM_PARAMETERS" value="-Xmx512m -Xms256m -XX:MaxPermSize=250m -ea" />
      <option name="PROGRAM_PARAMETERS" />
      <predefined_log_file id="idea.log" enabled="true" />
    </configuration>
    <recent_temporary>
      <list size="1">
        <item index="0" class="java.lang.String" itemvalue="Application.main" />
      </list>
    </recent_temporary>
  </component>
  <component name="ShelveChangesManager" show_recycled="false">
    <option name="remove_strategy" value="false" />
  </component>
  <component name="SvnConfiguration">
    <configuration />
  </component>
  <component name="TaskManager">
    <task active="true" id="Default" summary="Default task">
      <changelist id="a09c5738-93ce-4449-ab43-0291df8f275f" name="Default" comment="" />
      <created>1520870371390</created>
      <option name="number" value="Default" />
      <option name="presentableId" value="Default" />
      <updated>1520870371390</updated>
      <workItem from="1520870374779" duration="4101000" />
      <workItem from="1520882509164" duration="599000" />
      <workItem from="1520923277143" duration="21000" />
      <workItem from="1521111520489" duration="1127000" />
      <workItem from="1521118709716" duration="8310000" />
      <workItem from="1521127319336" duration="12806000" />
      <workItem from="1521528106578" duration="171000" />
      <workItem from="1521555524197" duration="8352000" />
      <workItem from="1521570220893" duration="8989000" />
      <workItem from="1521646426802" duration="3236000" />
      <workItem from="1521883240867" duration="590000" />
      <workItem from="1521979939259" duration="2142000" />
      <workItem from="1522072829721" duration="1684000" />
      <workItem from="1522347300719" duration="146000" />
      <workItem from="1522494677388" duration="8624000" />
      <workItem from="1522510599255" duration="12830000" />
      <workItem from="1522524646101" duration="1585000" />
      <workItem from="1522526376000" duration="205000" />
      <workItem from="1522526732750" duration="670000" />
      <workItem from="1522528292023" duration="4800000" />
      <workItem from="1522534873144" duration="9924000" />
      <workItem from="1522545247399" duration="5880000" />
      <workItem from="1522578370174" duration="738000" />
      <workItem from="1523913676015" duration="1344000" />
      <workItem from="1524415653685" duration="23000" />
      <workItem from="1524490048482" duration="9228000" />
      <workItem from="1524511854962" duration="1411000" />
      <workItem from="1524513307556" duration="6508000" />
      <workItem from="1524521563423" duration="1691000" />
      <workItem from="1524566314831" duration="17367000" />
      <workItem from="1524602739942" duration="325000" />
      <workItem from="1524669929022" duration="835000" />
      <workItem from="1524674662688" duration="10399000" />
      <workItem from="1524736532381" duration="3675000" />
      <workItem from="1524757418687" duration="738000" />
      <workItem from="1524780818663" duration="1210000" />
      <workItem from="1524790735525" duration="609000" />
      <workItem from="1524828598753" duration="1987000" />
      <workItem from="1524847654507" duration="12430000" />
      <workItem from="1524873610286" duration="4060000" />
      <workItem from="1524880531563" duration="768000" />
      <workItem from="1524906442549" duration="6794000" />
      <workItem from="1524914133900" duration="1671000" />
      <workItem from="1524919717450" duration="2534000" />
    </task>
    <servers />
  </component>
  <component name="TimeTrackingManager">
    <option name="totallyTimeSpent" value="183137000" />
  </component>
  <component name="ToolWindowManager">
    <frame x="67" y="25" width="1853" height="1055" extended-state="6" />
    <editor active="true" />
    <layout>
      <window_info id="Palette" active="false" anchor="right" auto_hide="false" internal_type="DOCKED" type="DOCKED" visible="false" show_stripe_button="true" weight="0.33" sideWeight="0.5" order="3" side_tool="false" content_ui="tabs" />
      <window_info id="TODO" active="false" anchor="bottom" auto_hide="false" internal_type="DOCKED" type="DOCKED" visible="false" show_stripe_button="true" weight="0.33" sideWeight="0.5" order="6" side_tool="false" content_ui="tabs" />
      <window_info id="Messages" active="false" anchor="bottom" auto_hide="false" internal_type="DOCKED" type="DOCKED" visible="false" show_stripe_button="true" weight="0.32876712" sideWeight="0.5" order="10" side_tool="false" content_ui="tabs" />
      <window_info id="Palette&#9;" active="false" anchor="right" auto_hide="false" internal_type="DOCKED" type="DOCKED" visible="false" show_stripe_button="true" weight="0.33" sideWeight="0.5" order="8" side_tool="false" content_ui="tabs" />
      <window_info id="Image Layers" active="false" anchor="left" auto_hide="false" internal_type="DOCKED" type="DOCKED" visible="false" show_stripe_button="true" weight="0.33" sideWeight="0.5" order="6" side_tool="false" content_ui="tabs" />
      <window_info id="Capture Analysis" active="false" anchor="right" auto_hide="false" internal_type="DOCKED" type="DOCKED" visible="false" show_stripe_button="true" weight="0.33" sideWeight="0.5" order="6" side_tool="false" content_ui="tabs" />
      <window_info id="Event Log" active="false" anchor="bottom" auto_hide="false" internal_type="DOCKED" type="DOCKED" visible="false" show_stripe_button="true" weight="0.39936775" sideWeight="0.5018888" order="7" side_tool="true" content_ui="tabs" />
      <window_info id="Maven Projects" active="false" anchor="right" auto_hide="false" internal_type="DOCKED" type="DOCKED" visible="false" show_stripe_button="true" weight="0.33" sideWeight="0.5" order="4" side_tool="false" content_ui="tabs" />
      <window_info id="Run" active="false" anchor="bottom" auto_hide="false" internal_type="DOCKED" type="DOCKED" visible="true" show_stripe_button="true" weight="0.32876712" sideWeight="0.5" order="2" side_tool="false" content_ui="tabs" />
      <window_info id="Version Control" active="false" anchor="bottom" auto_hide="false" internal_type="DOCKED" type="DOCKED" visible="false" show_stripe_button="false" weight="0.33" sideWeight="0.5" order="8" side_tool="false" content_ui="tabs" />
      <window_info id="Terminal" active="false" anchor="bottom" auto_hide="false" internal_type="DOCKED" type="DOCKED" visible="false" show_stripe_button="true" weight="0.33" sideWeight="0.5" order="9" side_tool="false" content_ui="tabs" />
      <window_info id="Capture Tool" active="false" anchor="left" auto_hide="false" internal_type="DOCKED" type="DOCKED" visible="false" show_stripe_button="true" weight="0.33" sideWeight="0.5" order="2" side_tool="false" content_ui="tabs" />
      <window_info id="Designer" active="false" anchor="left" auto_hide="false" internal_type="DOCKED" type="DOCKED" visible="false" show_stripe_button="true" weight="0.33" sideWeight="0.5" order="3" side_tool="false" content_ui="tabs" />
      <window_info id="Project" active="false" anchor="left" auto_hide="false" internal_type="DOCKED" type="DOCKED" visible="true" show_stripe_button="true" weight="0.1122504" sideWeight="0.5" order="0" side_tool="false" content_ui="combo" />
      <window_info id="Database" active="false" anchor="right" auto_hide="false" internal_type="DOCKED" type="DOCKED" visible="false" show_stripe_button="true" weight="0.33" sideWeight="0.5" order="5" side_tool="false" content_ui="tabs" />
      <window_info id="Structure" active="false" anchor="left" auto_hide="false" internal_type="DOCKED" type="DOCKED" visible="false" show_stripe_button="true" weight="0.25" sideWeight="0.5" order="1" side_tool="false" content_ui="tabs" />
      <window_info id="Ant Build" active="false" anchor="right" auto_hide="false" internal_type="DOCKED" type="DOCKED" visible="false" show_stripe_button="true" weight="0.25" sideWeight="0.5" order="1" side_tool="false" content_ui="tabs" />
      <window_info id="UI Designer" active="false" anchor="left" auto_hide="false" internal_type="DOCKED" type="DOCKED" visible="false" show_stripe_button="true" weight="0.33" sideWeight="0.5" order="4" side_tool="false" content_ui="tabs" />
      <window_info id="Theme Preview" active="false" anchor="right" auto_hide="false" internal_type="DOCKED" type="DOCKED" visible="false" show_stripe_button="true" weight="0.33" sideWeight="0.5" order="7" side_tool="false" content_ui="tabs" />
      <window_info id="Debug" active="false" anchor="bottom" auto_hide="false" internal_type="DOCKED" type="DOCKED" visible="false" show_stripe_button="true" weight="0.3329821" sideWeight="0.49811116" order="3" side_tool="false" content_ui="tabs" />
      <window_info id="Favorites" active="false" anchor="left" auto_hide="false" internal_type="DOCKED" type="DOCKED" visible="false" show_stripe_button="true" weight="0.33" sideWeight="0.5" order="5" side_tool="true" content_ui="tabs" />
      <window_info id="Cvs" active="false" anchor="bottom" auto_hide="false" internal_type="DOCKED" type="DOCKED" visible="false" show_stripe_button="true" weight="0.25" sideWeight="0.5" order="4" side_tool="false" content_ui="tabs" />
      <window_info id="Message" active="false" anchor="bottom" auto_hide="false" internal_type="DOCKED" type="DOCKED" visible="false" show_stripe_button="true" weight="0.33" sideWeight="0.5" order="0" side_tool="false" content_ui="tabs" />
      <window_info id="Commander" active="false" anchor="right" auto_hide="false" internal_type="DOCKED" type="DOCKED" visible="false" show_stripe_button="true" weight="0.4" sideWeight="0.5" order="0" side_tool="false" content_ui="tabs" />
      <window_info id="Hierarchy" active="false" anchor="right" auto_hide="false" internal_type="DOCKED" type="DOCKED" visible="false" show_stripe_button="true" weight="0.25" sideWeight="0.5" order="2" side_tool="false" content_ui="combo" />
      <window_info id="Inspection" active="false" anchor="bottom" auto_hide="false" internal_type="DOCKED" type="DOCKED" visible="false" show_stripe_button="true" weight="0.4" sideWeight="0.5" order="5" side_tool="false" content_ui="tabs" />
      <window_info id="Coverage" active="false" anchor="right" auto_hide="false" internal_type="DOCKED" type="DOCKED" visible="false" show_stripe_button="true" weight="0.33" sideWeight="0.5" order="9" side_tool="true" content_ui="tabs" />
      <window_info id="Find" active="false" anchor="bottom" auto_hide="false" internal_type="DOCKED" type="DOCKED" visible="false" show_stripe_button="true" weight="0.33" sideWeight="0.5" order="1" side_tool="false" content_ui="tabs" />
      <window_info id="Learn" active="false" anchor="left" auto_hide="false" internal_type="DOCKED" type="DOCKED" visible="false" show_stripe_button="true" weight="0.33" sideWeight="0.5" order="7" side_tool="false" content_ui="tabs" />
    </layout>
  </component>
  <component name="TypeScriptGeneratedFilesManager">
    <option name="version" value="1" />
  </component>
  <component name="VcsContentAnnotationSettings">
    <option name="myLimit" value="2678400000" />
  </component>
  <component name="XDebuggerManager">
    <breakpoint-manager>
      <breakpoints>
        <line-breakpoint enabled="true" type="java-line">
          <url>file://$PROJECT_DIR$/src/main/java/Search.java</url>
          <line>127</line>
          <properties />
          <option name="timeStamp" value="46" />
        </line-breakpoint>
        <line-breakpoint enabled="true" type="java-line">
          <url>file://$PROJECT_DIR$/src/main/java/Search.java</url>
          <line>81</line>
          <properties />
          <option name="timeStamp" value="55" />
        </line-breakpoint>
      </breakpoints>
      <breakpoints-dialog>
        <breakpoints-dialog />
      </breakpoints-dialog>
      <option name="time" value="57" />
    </breakpoint-manager>
    <watches-manager>
      <configuration name="Application">
        <watch expression="term.toString()" language="JAVA" />
        <watch expression="doc_text.charAt(i)" language="JAVA" />
        <watch expression="doc" language="JAVA" />
        <watch expression="int" language="JAVA" />
        <watch expression="tags_rank" language="JAVA" />
      </configuration>
    </watches-manager>
  </component>
  <component name="debuggerHistoryManager">
    <expressions id="watch">
      <expression>
        <expression-string>doc</expression-string>
        <language-id>JAVA</language-id>
        <evaluation-mode>EXPRESSION</evaluation-mode>
      </expression>
      <expression>
        <expression-string>tags_rank</expression-string>
        <language-id>JAVA</language-id>
        <evaluation-mode>EXPRESSION</evaluation-mode>
      </expression>
      <expression>
        <expression-string>terms_map.containsKey(&quot;parse&quot;)</expression-string>
        <language-id>JAVA</language-id>
        <evaluation-mode>EXPRESSION</evaluation-mode>
      </expression>
      <expression>
        <expression-string>terms_map.containsKey(&quot;heading&quot;)</expression-string>
        <language-id>JAVA</language-id>
        <evaluation-mode>EXPRESSION</evaluation-mode>
      </expression>
      <expression>
        <expression-string>terms_map.get(&quot;heading&quot;)</expression-string>
        <language-id>JAVA</language-id>
        <evaluation-mode>EXPRESSION</evaluation-mode>
      </expression>
      <expression>
        <expression-string>int</expression-string>
        <language-id>JAVA</language-id>
        <evaluation-mode>EXPRESSION</evaluation-mode>
      </expression>
      <expression>
        <expression-string>doc_text.charAt(i)</expression-string>
        <language-id>JAVA</language-id>
        <evaluation-mode>EXPRESSION</evaluation-mode>
      </expression>
      <expression>
        <expression-string>term.toString()</expression-string>
        <language-id>JAVA</language-id>
        <evaluation-mode>EXPRESSION</evaluation-mode>
      </expression>
    </expressions>
  </component>
  <component name="editorHistoryManager">
    <entry file="jar://$MAVEN_REPOSITORY$/org/jsoup/jsoup/1.11.2/jsoup-1.11.2.jar!/org/jsoup/nodes/Element.class" />
    <entry file="file://$PROJECT_DIR$/src/main/java/IndexerModel.java">
      <provider selected="true" editor-type-id="text-editor">
        <state relative-caret-position="0">
          <caret line="0" column="12" lean-forward="false" selection-start-line="0" selection-start-column="12" selection-end-line="0" selection-end-column="12" />
        </state>
      </provider>
    </entry>
    <entry file="file://$PROJECT_DIR$/src/main/java/Term.java">
      <provider selected="true" editor-type-id="text-editor">
        <state relative-caret-position="108">
          <caret line="6" column="9" lean-forward="false" selection-start-line="6" selection-start-column="9" selection-end-line="6" selection-end-column="9" />
        </state>
      </provider>
    </entry>
    <entry file="file://$PROJECT_DIR$/src/main/java/Page.java">
      <provider selected="true" editor-type-id="text-editor">
        <state relative-caret-position="126">
          <caret line="7" column="39" lean-forward="false" selection-start-line="7" selection-start-column="39" selection-end-line="7" selection-end-column="39" />
          <folding />
        </state>
      </provider>
    </entry>
    <entry file="file://$PROJECT_DIR$/src/main/java/Indexer.java">
      <provider selected="true" editor-type-id="text-editor">
        <state relative-caret-position="1998">
          <caret line="111" column="60" lean-forward="false" selection-start-line="111" selection-start-column="60" selection-end-line="111" selection-end-column="60" />
          <folding>
            <element signature="imports" expanded="true" />
            <element signature="e#911#925#0" expanded="true" />
            <element signature="e#3130#3152#0" expanded="true" />
          </folding>
        </state>
      </provider>
    </entry>
    <entry file="file://$PROJECT_DIR$/src/main/java/main.java">
      <provider selected="true" editor-type-id="text-editor">
        <state relative-caret-position="432">
          <caret line="29" column="32" lean-forward="false" selection-start-line="29" selection-start-column="28" selection-end-line="29" selection-end-column="32" />
          <folding>
            <element signature="imports" expanded="true" />
            <marker date="1524921524412" expanded="false" signature="7801:7809" ph="&lt;~&gt;" />
          </folding>
        </state>
      </provider>
    </entry>
    <entry file="file://$PROJECT_DIR$/src/main/input.txt">
      <provider selected="true" editor-type-id="text-editor">
        <state relative-caret-position="1908">
          <caret line="43" column="4" lean-forward="false" selection-start-line="43" selection-start-column="4" selection-end-line="43" selection-end-column="4" />
        </state>
      </provider>
    </entry>
    <entry file="file://$PROJECT_DIR$/src/main/in.html">
      <provider selected="true" editor-type-id="text-editor">
        <state relative-caret-position="1710">
          <caret line="95" column="0" lean-forward="false" selection-start-line="95" selection-start-column="0" selection-end-line="95" selection-end-column="0" />
        </state>
      </provider>
    </entry>
    <entry file="jar://$MAVEN_REPOSITORY$/org/jsoup/jsoup/1.11.2/jsoup-1.11.2.jar!/org/jsoup/nodes/Element.class" />
    <entry file="file://$PROJECT_DIR$/src/main/java/IndexerModel.java">
      <provider selected="true" editor-type-id="text-editor">
        <state relative-caret-position="0">
          <caret line="0" column="12" lean-forward="false" selection-start-line="0" selection-start-column="12" selection-end-line="0" selection-end-column="12" />
        </state>
      </provider>
    </entry>
    <entry file="file://$PROJECT_DIR$/src/main/java/Term.java">
      <provider selected="true" editor-type-id="text-editor">
        <state relative-caret-position="108">
          <caret line="6" column="9" lean-forward="false" selection-start-line="6" selection-start-column="9" selection-end-line="6" selection-end-column="9" />
        </state>
      </provider>
    </entry>
    <entry file="file://$PROJECT_DIR$/src/main/java/Page.java">
      <provider selected="true" editor-type-id="text-editor">
        <state relative-caret-position="126">
          <caret line="7" column="39" lean-forward="false" selection-start-line="7" selection-start-column="39" selection-end-line="7" selection-end-column="39" />
          <folding />
        </state>
      </provider>
    </entry>
    <entry file="file://$PROJECT_DIR$/src/main/java/Indexer.java">
      <provider selected="true" editor-type-id="text-editor">
        <state relative-caret-position="1224">
          <caret line="78" column="61" lean-forward="true" selection-start-line="78" selection-start-column="61" selection-end-line="78" selection-end-column="61" />
          <folding>
            <element signature="imports" expanded="true" />
            <element signature="e#911#925#0" expanded="true" />
            <element signature="e#3130#3152#0" expanded="true" />
          </folding>
        </state>
      </provider>
    </entry>
    <entry file="file://$PROJECT_DIR$/src/main/java/main.java">
      <provider selected="true" editor-type-id="text-editor">
        <state relative-caret-position="0">
          <caret line="0" column="0" lean-forward="false" selection-start-line="0" selection-start-column="0" selection-end-line="0" selection-end-column="0" />
          <folding>
            <element signature="imports" expanded="true" />
            <marker date="1524921524412" expanded="false" signature="7801:7809" ph="&lt;~&gt;" />
          </folding>
        </state>
      </provider>
    </entry>
    <entry file="file://$PROJECT_DIR$/src/main/java/Indexer.java">
      <provider selected="true" editor-type-id="text-editor">
        <state relative-caret-position="630">
          <caret line="44" column="38" lean-forward="true" selection-start-line="44" selection-start-column="38" selection-end-line="44" selection-end-column="38" />
          <folding>
            <element signature="imports" expanded="true" />
            <element signature="e#911#925#0" expanded="true" />
            <element signature="e#3130#3152#0" expanded="true" />
          </folding>
        </state>
      </provider>
    </entry>
    <entry file="file://$PROJECT_DIR$/src/main/java/Term.java">
      <provider selected="true" editor-type-id="text-editor">
        <state relative-caret-position="108">
          <caret line="6" column="9" lean-forward="true" selection-start-line="6" selection-start-column="9" selection-end-line="6" selection-end-column="9" />
        </state>
      </provider>
    </entry>
    <entry file="file://$PROJECT_DIR$/src/main/java/IndexerModel.java">
      <provider selected="true" editor-type-id="text-editor">
        <state relative-caret-position="0">
          <caret line="0" column="12" lean-forward="false" selection-start-line="0" selection-start-column="12" selection-end-line="0" selection-end-column="12" />
        </state>
      </provider>
    </entry>
    <entry file="file://$PROJECT_DIR$/src/main/java/Page.java">
      <provider selected="true" editor-type-id="text-editor">
        <state relative-caret-position="126">
          <caret line="7" column="39" lean-forward="false" selection-start-line="7" selection-start-column="39" selection-end-line="7" selection-end-column="39" />
          <folding />
        </state>
      </provider>
    </entry>
    <entry file="file://$PROJECT_DIR$/pom.xml">
      <provider selected="true" editor-type-id="text-editor">
        <state relative-caret-position="306">
          <caret line="17" column="0" lean-forward="false" selection-start-line="17" selection-start-column="0" selection-end-line="17" selection-end-column="0" />
          <folding />
        </state>
      </provider>
    </entry>
    <entry file="file://$PROJECT_DIR$/src/main/java/Indexer.java">
      <provider selected="true" editor-type-id="text-editor">
        <state relative-caret-position="234">
          <caret line="24" column="0" lean-forward="false" selection-start-line="24" selection-start-column="0" selection-end-line="24" selection-end-column="0" />
          <folding>
            <element signature="imports" expanded="true" />
            <element signature="e#911#925#0" expanded="true" />
            <element signature="e#3130#3152#0" expanded="true" />
          </folding>
        </state>
      </provider>
    </entry>
    <entry file="file://$PROJECT_DIR$/src/main/java/main.java">
      <provider selected="true" editor-type-id="text-editor">
        <state relative-caret-position="450">
          <caret line="25" column="56" lean-forward="false" selection-start-line="25" selection-start-column="56" selection-end-line="25" selection-end-column="56" />
          <folding>
            <element signature="imports" expanded="true" />
            <marker date="1524921524412" expanded="false" signature="7801:7809" ph="&lt;~&gt;" />
          </folding>
        </state>
      </provider>
    </entry>
    <entry file="file://$PROJECT_DIR$/pom.xml">
      <provider selected="true" editor-type-id="text-editor">
        <state relative-caret-position="360">
          <caret line="20" column="10" lean-forward="false" selection-start-line="20" selection-start-column="10" selection-end-line="20" selection-end-column="10" />
          <folding />
        </state>
      </provider>
    </entry>
    <entry file="file://$PROJECT_DIR$/src/main/java/main.java">
      <provider selected="true" editor-type-id="text-editor">
        <state relative-caret-position="234">
          <caret line="13" column="19" lean-forward="false" selection-start-line="13" selection-start-column="19" selection-end-line="13" selection-end-column="19" />
          <folding>
            <element signature="imports" expanded="true" />
            <marker date="1524921524412" expanded="false" signature="7801:7809" ph="&lt;~&gt;" />
          </folding>
        </state>
      </provider>
    </entry>
    <entry file="file://$PROJECT_DIR$/src/main/java/Indexer.java">
      <provider selected="true" editor-type-id="text-editor">
        <state relative-caret-position="522">
          <caret line="29" column="53" lean-forward="false" selection-start-line="29" selection-start-column="53" selection-end-line="29" selection-end-column="53" />
          <folding>
            <element signature="imports" expanded="true" />
            <element signature="e#911#925#0" expanded="true" />
            <element signature="e#3130#3152#0" expanded="true" />
          </folding>
        </state>
      </provider>
    </entry>
    <entry file="file://$PROJECT_DIR$/pom.xml">
      <provider selected="true" editor-type-id="text-editor">
        <state relative-caret-position="360">
          <caret line="20" column="10" lean-forward="false" selection-start-line="20" selection-start-column="10" selection-end-line="20" selection-end-column="10" />
          <folding />
        </state>
      </provider>
    </entry>
    <entry file="file://$PROJECT_DIR$/src/main/java/Indexer.java">
      <provider selected="true" editor-type-id="text-editor">
        <state relative-caret-position="324">
          <caret line="29" column="53" lean-forward="false" selection-start-line="29" selection-start-column="53" selection-end-line="29" selection-end-column="53" />
          <folding>
            <element signature="imports" expanded="true" />
            <element signature="e#911#925#0" expanded="true" />
            <element signature="e#3130#3152#0" expanded="true" />
          </folding>
        </state>
      </provider>
    </entry>
    <entry file="file://$PROJECT_DIR$/src/main/java/main.java">
      <provider selected="true" editor-type-id="text-editor">
        <state relative-caret-position="234">
          <caret line="13" column="19" lean-forward="false" selection-start-line="13" selection-start-column="19" selection-end-line="13" selection-end-column="19" />
          <folding>
            <element signature="imports" expanded="true" />
            <marker date="1524921524412" expanded="false" signature="7801:7809" ph="&lt;~&gt;" />
          </folding>
        </state>
      </provider>
    </entry>
    <entry file="jar://$MAVEN_REPOSITORY$/org/jsoup/jsoup/1.11.2/jsoup-1.11.2.jar!/org/jsoup/nodes/Element.class" />
    <entry file="file://$PROJECT_DIR$/src/main/in.html">
      <provider selected="true" editor-type-id="text-editor">
        <state relative-caret-position="54">
          <caret line="3" column="7" lean-forward="false" selection-start-line="3" selection-start-column="7" selection-end-line="3" selection-end-column="7" />
        </state>
      </provider>
    </entry>
    <entry file="jar://$USER_HOME$/programs/jdk-9.0.4/lib/src.zip!/java.base/java/lang/Runnable.java" />
    <entry file="jar://$MAVEN_REPOSITORY$/org/jsoup/jsoup/1.11.2/jsoup-1.11.2.jar!/org/jsoup/select/Elements.class" />
    <entry file="file://$PROJECT_DIR$/src/main/java/IndexerModel.java">
      <provider selected="true" editor-type-id="text-editor">
        <state relative-caret-position="0">
          <caret line="0" column="12" lean-forward="false" selection-start-line="0" selection-start-column="12" selection-end-line="0" selection-end-column="12" />
        </state>
      </provider>
    </entry>
    <entry file="jar://$MAVEN_REPOSITORY$/org/jsoup/jsoup/1.11.2/jsoup-1.11.2.jar!/org/jsoup/Jsoup.class">
      <provider selected="true" editor-type-id="text-editor">
        <state relative-caret-position="408">
          <caret line="32" column="0" lean-forward="false" selection-start-line="32" selection-start-column="0" selection-end-line="32" selection-end-column="0" />
        </state>
      </provider>
    </entry>
    <entry file="jar://$USER_HOME$/programs/jdk-9.0.4/lib/src.zip!/java.base/java/lang/String.java">
      <provider selected="true" editor-type-id="text-editor">
        <state relative-caret-position="251">
          <caret line="2659" column="5" lean-forward="true" selection-start-line="2659" selection-start-column="5" selection-end-line="2659" selection-end-column="5" />
        </state>
      </provider>
    </entry>
    <entry file="jar://$MAVEN_REPOSITORY$/org/jsoup/jsoup/1.11.2/jsoup-1.11.2.jar!/org/jsoup/parser/Parser.class">
      <provider selected="true" editor-type-id="text-editor">
        <state relative-caret-position="1272">
          <caret line="69" column="0" lean-forward="false" selection-start-line="69" selection-start-column="0" selection-end-line="69" selection-end-column="0" />
        </state>
      </provider>
    </entry>
    <entry file="jar://$MAVEN_REPOSITORY$/org/jsoup/jsoup/1.11.2/jsoup-1.11.2.jar!/org/jsoup/parser/HtmlTreeBuilder.class">
      <provider selected="true" editor-type-id="text-editor">
        <state relative-caret-position="792">
          <caret line="53" column="0" lean-forward="false" selection-start-line="53" selection-start-column="0" selection-end-line="53" selection-end-column="0" />
        </state>
      </provider>
    </entry>
    <entry file="jar://$MAVEN_REPOSITORY$/org/jsoup/jsoup/1.11.2/jsoup-1.11.2.jar!/org/jsoup/parser/TreeBuilder.class">
      <provider selected="true" editor-type-id="text-editor">
        <state relative-caret-position="456">
          <caret line="30" column="0" lean-forward="false" selection-start-line="30" selection-start-column="0" selection-end-line="30" selection-end-column="0" />
        </state>
      </provider>
    </entry>
    <entry file="jar://$MAVEN_REPOSITORY$/org/jsoup/jsoup/1.11.2/jsoup-1.11.2.jar!/org/jsoup/parser/Token.class">
      <provider selected="true" editor-type-id="text-editor">
        <state relative-caret-position="2688">
          <caret line="151" column="0" lean-forward="false" selection-start-line="151" selection-start-column="0" selection-end-line="151" selection-end-column="0" />
        </state>
      </provider>
    </entry>
    <entry file="jar://$MAVEN_REPOSITORY$/org/jsoup/jsoup/1.11.2/jsoup-1.11.2.jar!/org/jsoup/nodes/Attributes.class">
      <provider selected="true" editor-type-id="text-editor">
        <state relative-caret-position="456">
          <caret line="37" column="0" lean-forward="false" selection-start-line="37" selection-start-column="0" selection-end-line="37" selection-end-column="0" />
        </state>
      </provider>
    </entry>
    <entry file="jar://$MAVEN_REPOSITORY$/org/mongodb/mongo-java-driver/3.6.1/mongo-java-driver-3.6.1.jar!/org/bson/Document.class">
      <provider selected="true" editor-type-id="text-editor">
        <state relative-caret-position="1368">
          <caret line="93" column="0" lean-forward="false" selection-start-line="93" selection-start-column="0" selection-end-line="93" selection-end-column="0" />
        </state>
      </provider>
    </entry>
    <entry file="file://$PROJECT_DIR$/src/main/java/WordProcessing/WordProcessing.java">
      <provider selected="true" editor-type-id="text-editor">
        <state relative-caret-position="0">
          <caret line="0" column="0" lean-forward="false" selection-start-line="0" selection-start-column="0" selection-end-line="0" selection-end-column="0" />
        </state>
      </provider>
    </entry>
    <entry file="jar://$MAVEN_REPOSITORY$/org/jsoup/jsoup/1.11.2/jsoup-1.11.2.jar!/org/jsoup/parser/ParseErrorList.class">
      <provider selected="true" editor-type-id="text-editor">
        <state relative-caret-position="480">
          <caret line="27" column="0" lean-forward="false" selection-start-line="27" selection-start-column="0" selection-end-line="27" selection-end-column="0" />
        </state>
      </provider>
    </entry>
    <entry file="file://$PROJECT_DIR$/src/main/java/Stemmer.java" />
    <entry file="file://$PROJECT_DIR$/src/main/java/Term.java">
      <provider selected="true" editor-type-id="text-editor">
        <state relative-caret-position="144">
          <caret line="6" column="9" lean-forward="false" selection-start-line="6" selection-start-column="9" selection-end-line="6" selection-end-column="9" />
        </state>
      </provider>
    </entry>
    <entry file="file://$PROJECT_DIR$/src/main/input.txt">
      <provider selected="true" editor-type-id="text-editor">
        <state relative-caret-position="24">
          <caret line="43" column="4" lean-forward="false" selection-start-line="43" selection-start-column="4" selection-end-line="43" selection-end-column="4" />
        </state>
      </provider>
    </entry>
    <entry file="file://$PROJECT_DIR$/pom.xml">
      <provider selected="true" editor-type-id="text-editor">
        <state relative-caret-position="288">
          <caret line="12" column="0" lean-forward="false" selection-start-line="12" selection-start-column="0" selection-end-line="16" selection-end-column="21" />
          <folding />
        </state>
      </provider>
    </entry>
    <entry file="file://$PROJECT_DIR$/src/main/java/PageScore.java">
      <provider selected="true" editor-type-id="text-editor">
        <state relative-caret-position="144">
          <caret line="6" column="5" lean-forward="false" selection-start-line="0" selection-start-column="0" selection-end-line="15" selection-end-column="0" />
          <folding />
        </state>
      </provider>
    </entry>
    <entry file="file://$PROJECT_DIR$/src/main/java/Page.java">
      <provider selected="true" editor-type-id="text-editor">
        <state relative-caret-position="96">
          <caret line="4" column="21" lean-forward="false" selection-start-line="4" selection-start-column="21" selection-end-line="4" selection-end-column="21" />
          <folding />
        </state>
      </provider>
    </entry>
    <entry file="file://$PROJECT_DIR$/src/main/java/Indexer.java">
      <provider selected="true" editor-type-id="text-editor">
        <state relative-caret-position="168">
          <caret line="61" column="21" lean-forward="true" selection-start-line="61" selection-start-column="21" selection-end-line="61" selection-end-column="21" />
          <folding>
            <element signature="imports" expanded="true" />
            <element signature="e#911#925#0" expanded="true" />
            <element signature="e#3130#3152#0" expanded="true" />
          </folding>
        </state>
      </provider>
    </entry>
    <entry file="file://$PROJECT_DIR$/src/main/java/Search.java">
      <provider selected="true" editor-type-id="text-editor">
        <state relative-caret-position="384">
          <caret line="60" column="30" lean-forward="true" selection-start-line="59" selection-start-column="0" selection-end-line="60" selection-end-column="30" />
          <folding>
            <element signature="imports" expanded="true" />
            <element signature="method#normal_search#0;class#Search#0" expanded="false" />
          </folding>
        </state>
      </provider>
    </entry>
    <entry file="file://$PROJECT_DIR$/src/main/java/main.java">
      <provider selected="true" editor-type-id="text-editor">
        <state relative-caret-position="283">
          <caret line="92" column="40" lean-forward="true" selection-start-line="92" selection-start-column="40" selection-end-line="92" selection-end-column="40" />
          <folding>
            <element signature="imports" expanded="true" />
            <marker date="1524921524412" expanded="false" signature="7801:7809" ph="&lt;~&gt;" />
          </folding>
        </state>
      </provider>
    </entry>
  </component>
</project>