<?xml version="1.0" encoding="UTF-8"?>
<project version="4">
  <component name="ChangeListManager">
    <list default="true" id="882e71e7-7316-481c-bc04-53c370de950e" name="Default" comment="" />
    <ignored path="$PROJECT_DIR$/out/" />
    <option name="EXCLUDED_CONVERTED_TO_IGNORED" value="true" />
    <option name="TRACKING_ENABLED" value="true" />
    <option name="SHOW_DIALOG" value="false" />
    <option name="HIGHLIGHT_CONFLICTS" value="true" />
    <option name="HIGHLIGHT_NON_ACTIVE_CHANGELIST" value="false" />
    <option name="LAST_RESOLUTION" value="IGNORE" />
  </component>
  <component name="CoverageDataManager">
    <SUITE FILE_PATH="coverage/Crawler$Spider.coverage" NAME="Spider Coverage Results" MODIFIED="1521575813157" SOURCE_PROVIDER="com.intellij.coverage.DefaultCoverageFileProvider" RUNNER="idea" COVERAGE_BY_TEST_ENABLED="false" COVERAGE_TRACING_ENABLED="false" />
  </component>
  <component name="FileEditorManager">
    <leaf SIDE_TABS_SIZE_LIMIT_KEY="300">
      <file leaf-file-name="Crawler.java" pinned="false" current-in-tab="true">
        <entry file="file://$PROJECT_DIR$/src/Crawler.java">
          <provider selected="true" editor-type-id="text-editor">
            <state relative-caret-position="24">
              <caret line="27" column="63" lean-forward="false" selection-start-line="27" selection-start-column="63" selection-end-line="27" selection-end-column="63" />
              <folding>
                <element signature="imports" expanded="true" />
                <element signature="e#9033#9041#0" expanded="true" />
                <element signature="e#9191#9199#0" expanded="true" />
                <element signature="e#15738#15739#0" expanded="true" />
                <element signature="e#15798#15799#0" expanded="true" />
                <element signature="method#finalize#0;class#Crawler#0" expanded="false" />
              </folding>
            </state>
          </provider>
        </entry>
      </file>
      <file leaf-file-name="Spider.java" pinned="false" current-in-tab="false">
        <entry file="file://$PROJECT_DIR$/src/Spider.java">
          <provider selected="true" editor-type-id="text-editor">
            <state relative-caret-position="2472">
              <caret line="105" column="0" lean-forward="false" selection-start-line="105" selection-start-column="0" selection-end-line="105" selection-end-column="0" />
              <folding />
            </state>
          </provider>
        </entry>
      </file>
      <file leaf-file-name="seed.txt" pinned="false" current-in-tab="false">
        <entry file="file://$PROJECT_DIR$/seed.txt">
          <provider selected="true" editor-type-id="text-editor">
            <state relative-caret-position="240">
              <caret line="10" column="14" lean-forward="false" selection-start-line="10" selection-start-column="14" selection-end-line="10" selection-end-column="14" />
              <folding />
            </state>
          </provider>
        </entry>
      </file>
    </leaf>
  </component>
  <component name="FileTemplateManagerImpl">
    <option name="RECENT_TEMPLATES">
      <list>
        <option value="Class" />
      </list>
    </option>
  </component>
  <component name="FindInProjectRecents">
    <findStrings>
      <find>http://eng.cu.edu.eg/ar/gal/eng/</find>
      <find>http://theses.cu.edu.eg/eulc_v5/libraries/start.aspx?</find>
      <find>http://eng.cu.edu.eg/ar/gal/genaral-images/</find>
      <find>http://eng.cu.edu.eg/ar/gal/genaral-images</find>
      <find>http://eng.cu.edu.eg/ar/gal/galler1/</find>
      <find>system</find>
      <find>pom</find>
      <find>robot</find>
      <find>robots</find>
      <find>Thread destroyed</find>
      <find>destroy</find>
      <find>destroyed</find>
      <find>visitedLinks</find>
      <find>CRAWLERS_NUM</find>
      <find>All</find>
      <find>exited</find>
      <find>System.out</find>
      <find>`</find>
      <find>---------100</find>
      <find>here here</find>
      <find>-----------------------</find>
      <find>----------</find>
      <find>/</find>
      <find>local</find>
      <find>URI</find>
      <find>todo</find>
      <find>Print</find>
      <find>z</find>
      <find>catch</find>
      <find>collection</find>
    </findStrings>
    <replaceStrings>
      <replace>visited_links</replace>
    </replaceStrings>
  </component>
  <component name="Git.Settings">
    <option name="RECENT_GIT_ROOT_PATH" value="$PROJECT_DIR$/.." />
  </component>
  <component name="GradleLocalSettings">
    <option name="externalProjectsViewState">
      <projects_view />
    </option>
  </component>
  <component name="IdeDocumentHistory">
    <option name="CHANGED_PATHS">
      <list>
        <option value="$PROJECT_DIR$/src/Main.java" />
        <option value="$PROJECT_DIR$/src/seed.txt" />
        <option value="$PROJECT_DIR$/src/com/panforge/robotstxt/RobotsTxtReader.java" />
        <option value="$PROJECT_DIR$/RobotsTxt/pom.xml" />
        <option value="$PROJECT_DIR$/seed.txt" />
        <option value="$PROJECT_DIR$/src/Spider.java" />
        <option value="$PROJECT_DIR$/gathered_links.txt" />
        <option value="$PROJECT_DIR$/queues.txt" />
        <option value="$PROJECT_DIR$/src/Crawler.java" />
      </list>
    </option>
  </component>
  <component name="JsBuildToolGruntFileManager" detection-done="true" sorting="DEFINITION_ORDER" />
  <component name="JsBuildToolPackageJson" detection-done="true" sorting="DEFINITION_ORDER" />
  <component name="JsGulpfileManager">
    <detection-done>true</detection-done>
    <sorting>DEFINITION_ORDER</sorting>
  </component>
  <component name="ProjectFrameBounds" extendedState="7">
    <option name="y" value="52" />
    <option name="width" value="1366" />
    <option name="height" value="716" />
  </component>
  <component name="ProjectLevelVcsManager" settingsEditedManually="true" />
  <component name="ProjectView">
    <navigator currentView="ProjectPane" proportions="" version="1">
      <flattenPackages />
      <showMembers />
      <showModules />
      <showLibraryContents />
      <hideEmptyPackages />
      <abbreviatePackageNames />
      <autoscrollToSource />
      <autoscrollFromSource />
      <sortByType />
      <manualOrder />
      <foldersAlwaysOnTop value="true" />
    </navigator>
    <panes>
      <pane id="PackagesPane" />
      <pane id="Scratches" />
      <pane id="ProjectPane">
        <subPane>
          <expand>
            <path>
              <item name="Crawler" type="b2602c69:ProjectViewProjectNode" />
              <item name="Crawler" type="462c0819:PsiDirectoryNode" />
            </path>
          </expand>
          <select />
        </subPane>
      </pane>
      <pane id="AndroidView" />
      <pane id="Scope" />
    </panes>
  </component>
  <component name="PropertiesComponent">
    <property name="settings.editor.selected.configurable" value="configurable.group.tools" />
    <property name="nodejs_interpreter_path.stuck_in_default_project" value="undefined stuck path" />
    <property name="WebServerToolWindowFactoryState" value="false" />
    <property name="aspect.path.notification.shown" value="true" />
    <property name="last_opened_file_path" value="$PROJECT_DIR$/../Indexer" />
    <property name="project.structure.last.edited" value="Libraries" />
    <property name="project.structure.proportion" value="0.15" />
    <property name="project.structure.side.proportion" value="0.2" />
    <property name="Downloaded.Files.Path.Enabled" value="true" />
    <property name="Repository.Attach.JavaDocs" value="true" />
    <property name="Repository.Attach.Sources" value="false" />
  </component>
  <component name="RecentsManager">
    <key name="MoveFile.RECENT_KEYS">
      <recent name="$PROJECT_DIR$" />
    </key>
  </component>
  <component name="RunDashboard">
    <option name="ruleStates">
      <list>
        <RuleState>
          <option name="name" value="ConfigurationTypeDashboardGroupingRule" />
        </RuleState>
        <RuleState>
          <option name="name" value="StatusDashboardGroupingRule" />
        </RuleState>
      </list>
    </option>
  </component>
  <component name="RunManager" selected="Application.Spider">
    <configuration default="true" type="Applet" factoryName="Applet">
      <option name="HTML_USED" value="false" />
      <option name="WIDTH" value="400" />
      <option name="HEIGHT" value="300" />
      <option name="POLICY_FILE" value="$APPLICATION_HOME_DIR$/bin/appletviewer.policy" />
      <module />
    </configuration>
    <configuration name="Crawler" type="Application" factoryName="Application" temporary="true" nameIsGenerated="true">
      <extension name="coverage" enabled="false" merge="false" sample_coverage="true" runner="idea" />
      <option name="MAIN_CLASS_NAME" value="Crawler" />
      <option name="VM_PARAMETERS" />
      <option name="PROGRAM_PARAMETERS" />
      <option name="WORKING_DIRECTORY" value="$PROJECT_DIR$" />
      <option name="ALTERNATIVE_JRE_PATH_ENABLED" value="false" />
      <option name="ALTERNATIVE_JRE_PATH" />
      <option name="ENABLE_SWING_INSPECTOR" value="false" />
      <option name="ENV_VARIABLES" />
      <option name="PASS_PARENT_ENVS" value="true" />
      <module name="Crawler" />
      <envs />
    </configuration>
    <configuration name="Spider" type="Application" factoryName="Application" temporary="true" nameIsGenerated="true">
      <extension name="coverage" enabled="false" merge="false" sample_coverage="true" runner="idea" />
      <option name="MAIN_CLASS_NAME" value="Spider" />
      <option name="VM_PARAMETERS" />
      <option name="PROGRAM_PARAMETERS" />
      <option name="WORKING_DIRECTORY" value="$PROJECT_DIR$" />
      <option name="ALTERNATIVE_JRE_PATH_ENABLED" value="false" />
      <option name="ALTERNATIVE_JRE_PATH" />
      <option name="ENABLE_SWING_INSPECTOR" value="false" />
      <option name="ENV_VARIABLES" />
      <option name="PASS_PARENT_ENVS" value="true" />
      <module name="Crawler" />
      <envs />
    </configuration>
    <configuration name="Unnamed" type="Application" factoryName="Application">
      <extension name="coverage" enabled="false" merge="false" sample_coverage="true" runner="idea" />
      <option name="MAIN_CLASS_NAME" value="" />
      <option name="VM_PARAMETERS" value="" />
      <option name="PROGRAM_PARAMETERS" value="" />
      <option name="WORKING_DIRECTORY" value="file://$PROJECT_DIR$" />
      <option name="ALTERNATIVE_JRE_PATH_ENABLED" value="false" />
      <option name="ALTERNATIVE_JRE_PATH" />
      <option name="ENABLE_SWING_INSPECTOR" value="false" />
      <option name="ENV_VARIABLES" />
      <option name="PASS_PARENT_ENVS" value="true" />
      <module name="Crawler" />
      <envs />
    </configuration>
    <configuration default="true" type="Application" factoryName="Application">
      <extension name="coverage" enabled="false" merge="false" sample_coverage="true" runner="idea" />
      <option name="MAIN_CLASS_NAME" />
      <option name="VM_PARAMETERS" />
      <option name="PROGRAM_PARAMETERS" />
      <option name="WORKING_DIRECTORY" value="$PROJECT_DIR$" />
      <option name="ALTERNATIVE_JRE_PATH_ENABLED" value="false" />
      <option name="ALTERNATIVE_JRE_PATH" />
      <option name="ENABLE_SWING_INSPECTOR" value="false" />
      <option name="ENV_VARIABLES" />
      <option name="PASS_PARENT_ENVS" value="true" />
      <module name="" />
      <envs />
    </configuration>
    <configuration default="true" type="JUnit" factoryName="JUnit">
      <extension name="coverage" enabled="false" merge="false" sample_coverage="true" runner="idea" />
      <module name="" />
      <option name="ALTERNATIVE_JRE_PATH_ENABLED" value="false" />
      <option name="ALTERNATIVE_JRE_PATH" />
      <option name="PACKAGE_NAME" />
      <option name="MAIN_CLASS_NAME" />
      <option name="METHOD_NAME" />
      <option name="TEST_OBJECT" value="class" />
      <option name="VM_PARAMETERS" value="-ea" />
      <option name="PARAMETERS" />
      <option name="WORKING_DIRECTORY" value="%MODULE_WORKING_DIR%" />
      <option name="ENV_VARIABLES" />
      <option name="PASS_PARENT_ENVS" value="true" />
      <option name="TEST_SEARCH_SCOPE">
        <value defaultName="singleModule" />
      </option>
      <envs />
      <patterns />
    </configuration>
    <configuration default="true" type="Remote" factoryName="Remote">
      <option name="USE_SOCKET_TRANSPORT" value="true" />
      <option name="SERVER_MODE" value="false" />
      <option name="SHMEM_ADDRESS" value="javadebug" />
      <option name="HOST" value="localhost" />
      <option name="PORT" value="5005" />
    </configuration>
    <configuration default="true" type="TestNG" factoryName="TestNG">
      <extension name="coverage" enabled="false" merge="false" sample_coverage="true" runner="idea" />
      <module name="" />
      <option name="ALTERNATIVE_JRE_PATH_ENABLED" value="false" />
      <option name="ALTERNATIVE_JRE_PATH" />
      <option name="SUITE_NAME" />
      <option name="PACKAGE_NAME" />
      <option name="MAIN_CLASS_NAME" />
      <option name="METHOD_NAME" />
      <option name="GROUP_NAME" />
      <option name="TEST_OBJECT" value="CLASS" />
      <option name="VM_PARAMETERS" value="-ea" />
      <option name="PARAMETERS" />
      <option name="WORKING_DIRECTORY" value="%MODULE_WORKING_DIR%" />
      <option name="OUTPUT_DIRECTORY" />
      <option name="ANNOTATION_TYPE" />
      <option name="ENV_VARIABLES" />
      <option name="PASS_PARENT_ENVS" value="true" />
      <option name="TEST_SEARCH_SCOPE">
        <value defaultName="singleModule" />
      </option>
      <option name="USE_DEFAULT_REPORTERS" value="false" />
      <option name="PROPERTIES_FILE" />
      <envs />
      <properties />
      <listeners />
    </configuration>
    <configuration default="true" type="#org.jetbrains.idea.devkit.run.PluginConfigurationType" factoryName="Plugin">
      <module name="" />
      <option name="VM_PARAMETERS" value="-Xmx512m -Xms256m -XX:MaxPermSize=250m -ea" />
      <option name="PROGRAM_PARAMETERS" />
      <predefined_log_file id="idea.log" enabled="true" />
    </configuration>
    <list size="3">
      <item index="0" class="java.lang.String" itemvalue="Application.Unnamed" />
      <item index="1" class="java.lang.String" itemvalue="Application.Crawler" />
      <item index="2" class="java.lang.String" itemvalue="Application.Spider" />
    </list>
    <recent_temporary>
      <list size="2">
        <item index="0" class="java.lang.String" itemvalue="Application.Spider" />
        <item index="1" class="java.lang.String" itemvalue="Application.Crawler" />
      </list>
    </recent_temporary>
  </component>
  <component name="ShelveChangesManager" show_recycled="false">
    <option name="remove_strategy" value="false" />
  </component>
  <component name="SvnConfiguration">
    <configuration />
  </component>
  <component name="TaskManager">
    <task active="true" id="Default" summary="Default task">
      <changelist id="882e71e7-7316-481c-bc04-53c370de950e" name="Default" comment="" />
      <created>1520347454872</created>
      <option name="number" value="Default" />
      <option name="presentableId" value="Default" />
      <updated>1520347454872</updated>
      <workItem from="1520347461023" duration="4805000" />
      <workItem from="1520448116109" duration="17805000" />
      <workItem from="1520512373677" duration="8153000" />
      <workItem from="1521027242828" duration="13568000" />
      <workItem from="1521115728569" duration="13749000" />
      <workItem from="1521208296522" duration="393000" />
      <workItem from="1521247407514" duration="41000" />
      <workItem from="1521555360621" duration="8669000" />
      <workItem from="1521570966379" duration="6178000" />
      <workItem from="1521577806825" duration="1414000" />
      <workItem from="1521964209478" duration="7939000" />
      <workItem from="1521997252193" duration="4566000" />
      <workItem from="1522073167879" duration="6668000" />
      <workItem from="1522316381654" duration="6305000" />
      <workItem from="1522421359514" duration="4143000" />
      <workItem from="1522509443925" duration="20417000" />
      <workItem from="1522532245613" duration="953000" />
      <workItem from="1522534901575" duration="1557000" />
      <workItem from="1522545250376" duration="1899000" />
      <workItem from="1522578343755" duration="720000" />
      <workItem from="1523913671844" duration="3442000" />
      <workItem from="1524518523114" duration="4358000" />
      <workItem from="1524566313076" duration="1451000" />
      <workItem from="1524600690657" duration="667000" />
      <workItem from="1524876895741" duration="1604000" />
      <workItem from="1524880528236" duration="585000" />
      <workItem from="1524906451444" duration="2004000" />
      <workItem from="1524914131045" duration="522000" />
      <workItem from="1524919723445" duration="623000" />
    </task>
    <servers />
  </component>
  <component name="TimeTrackingManager">
    <option name="totallyTimeSpent" value="145198000" />
  </component>
  <component name="ToolWindowManager">
    <frame x="67" y="25" width="1853" height="1055" extended-state="7" />
    <editor active="true" />
    <layout>
      <window_info id="Palette" active="false" anchor="right" auto_hide="false" internal_type="DOCKED" type="DOCKED" visible="false" show_stripe_button="true" weight="0.33" sideWeight="0.5" order="3" side_tool="false" content_ui="tabs" />
      <window_info id="TODO" active="false" anchor="bottom" auto_hide="false" internal_type="DOCKED" type="DOCKED" visible="false" show_stripe_button="true" weight="0.33" sideWeight="0.5" order="6" side_tool="false" content_ui="tabs" />
      <window_info id="Palette&#9;" active="false" anchor="right" auto_hide="false" internal_type="DOCKED" type="DOCKED" visible="false" show_stripe_button="true" weight="0.33" sideWeight="0.5" order="8" side_tool="false" content_ui="tabs" />
      <window_info id="Image Layers" active="false" anchor="left" auto_hide="false" internal_type="DOCKED" type="DOCKED" visible="false" show_stripe_button="true" weight="0.33" sideWeight="0.5" order="7" side_tool="false" content_ui="tabs" />
      <window_info id="Capture Analysis" active="false" anchor="right" auto_hide="false" internal_type="DOCKED" type="DOCKED" visible="false" show_stripe_button="true" weight="0.33" sideWeight="0.5" order="6" side_tool="false" content_ui="tabs" />
      <window_info id="Event Log" active="false" anchor="bottom" auto_hide="false" internal_type="DOCKED" type="DOCKED" visible="false" show_stripe_button="true" weight="0.32732734" sideWeight="0.511713" order="7" side_tool="true" content_ui="tabs" />
      <window_info id="Maven Projects" active="false" anchor="right" auto_hide="false" internal_type="DOCKED" type="DOCKED" visible="false" show_stripe_button="true" weight="0.33" sideWeight="0.5" order="4" side_tool="false" content_ui="tabs" />
      <window_info id="Run" active="false" anchor="bottom" auto_hide="false" internal_type="DOCKED" type="DOCKED" visible="false" show_stripe_button="true" weight="0.32629356" sideWeight="0.48828697" order="2" side_tool="false" content_ui="tabs" />
      <window_info id="Version Control" active="false" anchor="bottom" auto_hide="false" internal_type="DOCKED" type="DOCKED" visible="false" show_stripe_button="true" weight="0.33" sideWeight="0.5" order="8" side_tool="false" content_ui="tabs" />
      <window_info id="Terminal" active="false" anchor="bottom" auto_hide="false" internal_type="DOCKED" type="DOCKED" visible="false" show_stripe_button="true" weight="0.33" sideWeight="0.5" order="9" side_tool="false" content_ui="tabs" />
      <window_info id="Capture Tool" active="false" anchor="left" auto_hide="false" internal_type="DOCKED" type="DOCKED" visible="false" show_stripe_button="true" weight="0.33" sideWeight="0.5" order="2" side_tool="false" content_ui="tabs" />
      <window_info id="Designer" active="false" anchor="left" auto_hide="false" internal_type="DOCKED" type="DOCKED" visible="false" show_stripe_button="true" weight="0.33" sideWeight="0.5" order="3" side_tool="false" content_ui="tabs" />
      <window_info id="Project" active="false" anchor="left" auto_hide="false" internal_type="DOCKED" type="DOCKED" visible="true" show_stripe_button="true" weight="0.13599569" sideWeight="0.5" order="0" side_tool="false" content_ui="combo" />
      <window_info id="Database" active="false" anchor="right" auto_hide="false" internal_type="DOCKED" type="DOCKED" visible="false" show_stripe_button="true" weight="0.33" sideWeight="0.5" order="5" side_tool="false" content_ui="tabs" />
      <window_info id="Structure" active="false" anchor="left" auto_hide="false" internal_type="DOCKED" type="DOCKED" visible="false" show_stripe_button="true" weight="0.0" sideWeight="0.5" order="1" side_tool="false" content_ui="tabs" />
      <window_info id="Ant Build" active="false" anchor="right" auto_hide="false" internal_type="DOCKED" type="DOCKED" visible="false" show_stripe_button="true" weight="0.25" sideWeight="0.5" order="1" side_tool="false" content_ui="tabs" />
      <window_info id="UI Designer" active="false" anchor="left" auto_hide="false" internal_type="DOCKED" type="DOCKED" visible="false" show_stripe_button="true" weight="0.33" sideWeight="0.5" order="4" side_tool="false" content_ui="tabs" />
      <window_info id="Theme Preview" active="false" anchor="right" auto_hide="false" internal_type="DOCKED" type="DOCKED" visible="false" show_stripe_button="true" weight="0.33" sideWeight="0.5" order="7" side_tool="false" content_ui="tabs" />
      <window_info id="Debug" active="false" anchor="bottom" auto_hide="false" internal_type="DOCKED" type="DOCKED" visible="false" show_stripe_button="true" weight="0.3993994" sideWeight="0.5" order="3" side_tool="false" content_ui="tabs" />
      <window_info id="Favorites" active="false" anchor="left" auto_hide="false" internal_type="DOCKED" type="DOCKED" visible="false" show_stripe_button="true" weight="0.33" sideWeight="0.5" order="5" side_tool="true" content_ui="tabs" />
      <window_info id="Cvs" active="false" anchor="bottom" auto_hide="false" internal_type="DOCKED" type="DOCKED" visible="false" show_stripe_button="true" weight="0.25" sideWeight="0.5" order="4" side_tool="false" content_ui="tabs" />
      <window_info id="Message" active="false" anchor="bottom" auto_hide="false" internal_type="DOCKED" type="DOCKED" visible="false" show_stripe_button="true" weight="0.33" sideWeight="0.5" order="0" side_tool="false" content_ui="tabs" />
      <window_info id="Commander" active="false" anchor="right" auto_hide="false" internal_type="DOCKED" type="DOCKED" visible="false" show_stripe_button="true" weight="0.4" sideWeight="0.5" order="0" side_tool="false" content_ui="tabs" />
      <window_info id="Hierarchy" active="false" anchor="right" auto_hide="false" internal_type="DOCKED" type="DOCKED" visible="true" show_stripe_button="true" weight="7.320644E-4" sideWeight="0.5" order="2" side_tool="false" content_ui="combo" />
      <window_info id="Messages" active="false" anchor="bottom" auto_hide="false" internal_type="DOCKED" type="DOCKED" visible="false" show_stripe_button="true" weight="0.3284055" sideWeight="0.5" order="10" side_tool="false" content_ui="tabs" />
      <window_info id="Inspection" active="false" anchor="bottom" auto_hide="false" internal_type="DOCKED" type="DOCKED" visible="false" show_stripe_button="true" weight="0.4" sideWeight="0.5" order="5" side_tool="false" content_ui="tabs" />
      <window_info id="Find" active="false" anchor="bottom" auto_hide="false" internal_type="DOCKED" type="DOCKED" visible="false" show_stripe_button="true" weight="0.32946146" sideWeight="0.5" order="1" side_tool="false" content_ui="tabs" />
      <window_info id="Learn" active="false" anchor="left" auto_hide="false" internal_type="DOCKED" type="DOCKED" visible="false" show_stripe_button="true" weight="0.33" sideWeight="0.5" order="6" side_tool="false" content_ui="tabs" />
    </layout>
  </component>
  <component name="TypeScriptGeneratedFilesManager">
    <option name="version" value="1" />
  </component>
  <component name="VcsContentAnnotationSettings">
    <option name="myLimit" value="2678400000" />
  </component>
  <component name="XDebuggerManager">
    <breakpoint-manager>
      <option name="time" value="3" />
    </breakpoint-manager>
    <watches-manager />
  </component>
  <component name="editorHistoryManager">
    <entry file="file://$PROJECT_DIR$/seed.txt">
      <provider selected="true" editor-type-id="text-editor">
        <state relative-caret-position="180">
          <caret line="10" column="14" lean-forward="false" selection-start-line="10" selection-start-column="14" selection-end-line="10" selection-end-column="14" />
          <folding />
        </state>
      </provider>
    </entry>
    <entry file="file://$PROJECT_DIR$/src/Crawler.java">
      <provider selected="true" editor-type-id="text-editor">
        <state relative-caret-position="738">
          <caret line="66" column="11" lean-forward="false" selection-start-line="66" selection-start-column="11" selection-end-line="68" selection-end-column="22" />
          <folding>
            <element signature="imports" expanded="true" />
            <element signature="e#9033#9041#0" expanded="true" />
            <element signature="e#9191#9199#0" expanded="true" />
            <element signature="e#15738#15739#0" expanded="true" />
            <element signature="e#15798#15799#0" expanded="true" />
            <element signature="method#finalize#0;class#Crawler#0" expanded="false" />
          </folding>
        </state>
      </provider>
    </entry>
    <entry file="file://$PROJECT_DIR$/src/Spider.java">
      <provider selected="true" editor-type-id="text-editor">
        <state relative-caret-position="1170">
          <caret line="65" column="40" lean-forward="false" selection-start-line="65" selection-start-column="28" selection-end-line="65" selection-end-column="40" />
          <folding />
        </state>
      </provider>
    </entry>
    <entry file="file://$PROJECT_DIR$/queues.txt">
      <provider selected="true" editor-type-id="text-editor">
        <state relative-caret-position="0">
          <caret line="0" column="0" lean-forward="false" selection-start-line="0" selection-start-column="0" selection-end-line="0" selection-end-column="0" />
        </state>
      </provider>
    </entry>
    <entry file="file://$PROJECT_DIR$/gathered_links.txt">
      <provider selected="true" editor-type-id="text-editor">
        <state relative-caret-position="0">
          <caret line="0" column="0" lean-forward="false" selection-start-line="0" selection-start-column="0" selection-end-line="0" selection-end-column="0" />
        </state>
      </provider>
    </entry>
    <entry file="file://$PROJECT_DIR$/seed.txt">
      <provider selected="true" editor-type-id="text-editor">
        <state relative-caret-position="180">
          <caret line="10" column="14" lean-forward="true" selection-start-line="10" selection-start-column="14" selection-end-line="10" selection-end-column="14" />
          <folding />
        </state>
      </provider>
    </entry>
    <entry file="file://$PROJECT_DIR$/src/Crawler.java">
      <provider selected="true" editor-type-id="text-editor">
        <state relative-caret-position="0">
          <caret line="0" column="0" lean-forward="false" selection-start-line="0" selection-start-column="0" selection-end-line="0" selection-end-column="0" />
          <folding>
            <element signature="imports" expanded="true" />
            <element signature="e#9033#9041#0" expanded="true" />
            <element signature="e#9191#9199#0" expanded="true" />
            <element signature="e#15738#15739#0" expanded="true" />
            <element signature="e#15798#15799#0" expanded="true" />
            <element signature="method#finalize#0;class#Crawler#0" expanded="false" />
          </folding>
        </state>
      </provider>
    </entry>
    <entry file="file://$PROJECT_DIR$/src/Spider.java">
      <provider selected="true" editor-type-id="text-editor">
        <state relative-caret-position="1026">
          <caret line="57" column="28" lean-forward="false" selection-start-line="57" selection-start-column="28" selection-end-line="57" selection-end-column="28" />
          <folding />
        </state>
      </provider>
    </entry>
    <entry file="file://$PROJECT_DIR$/seed.txt">
      <provider selected="true" editor-type-id="text-editor">
        <state relative-caret-position="0">
          <caret line="0" column="0" lean-forward="false" selection-start-line="0" selection-start-column="0" selection-end-line="0" selection-end-column="0" />
          <folding />
        </state>
      </provider>
    </entry>
    <entry file="file://$PROJECT_DIR$/src/Crawler.java">
      <provider selected="true" editor-type-id="text-editor">
        <state relative-caret-position="0">
          <caret line="0" column="0" lean-forward="false" selection-start-line="0" selection-start-column="0" selection-end-line="0" selection-end-column="0" />
          <folding>
            <element signature="imports" expanded="true" />
            <element signature="e#9033#9041#0" expanded="true" />
            <element signature="e#9191#9199#0" expanded="true" />
            <element signature="e#15738#15739#0" expanded="true" />
            <element signature="e#15798#15799#0" expanded="true" />
            <element signature="method#finalize#0;class#Crawler#0" expanded="false" />
          </folding>
        </state>
      </provider>
    </entry>
    <entry file="file://$PROJECT_DIR$/src/Spider.java">
      <provider selected="true" editor-type-id="text-editor">
        <state relative-caret-position="144">
          <caret line="8" column="40" lean-forward="false" selection-start-line="8" selection-start-column="40" selection-end-line="8" selection-end-column="40" />
          <folding />
        </state>
      </provider>
    </entry>
    <entry file="file://$PROJECT_DIR$/seed.txt">
      <provider selected="true" editor-type-id="text-editor">
        <state relative-caret-position="72">
          <caret line="4" column="23" lean-forward="true" selection-start-line="4" selection-start-column="23" selection-end-line="4" selection-end-column="23" />
          <folding />
        </state>
      </provider>
    </entry>
    <entry file="file://$PROJECT_DIR$/src/Crawler.java">
      <provider selected="true" editor-type-id="text-editor">
        <state relative-caret-position="936">
          <caret line="65" column="0" lean-forward="true" selection-start-line="65" selection-start-column="0" selection-end-line="65" selection-end-column="0" />
          <folding>
            <element signature="imports" expanded="true" />
            <element signature="e#9033#9041#0" expanded="true" />
            <element signature="e#9191#9199#0" expanded="true" />
            <element signature="e#15738#15739#0" expanded="true" />
            <element signature="e#15798#15799#0" expanded="true" />
            <element signature="method#finalize#0;class#Crawler#0" expanded="false" />
          </folding>
        </state>
      </provider>
    </entry>
    <entry file="file://$PROJECT_DIR$/src/Spider.java">
      <provider selected="true" editor-type-id="text-editor">
        <state relative-caret-position="864">
          <caret line="59" column="29" lean-forward="false" selection-start-line="59" selection-start-column="29" selection-end-line="59" selection-end-column="29" />
          <folding />
        </state>
      </provider>
    </entry>
    <entry file="file://$PROJECT_DIR$/seed.txt">
      <provider selected="true" editor-type-id="text-editor">
        <state relative-caret-position="14616">
          <caret line="812" column="0" lean-forward="true" selection-start-line="812" selection-start-column="0" selection-end-line="812" selection-end-column="0" />
          <folding />
        </state>
      </provider>
    </entry>
    <entry file="file://$PROJECT_DIR$/src/Crawler.java">
      <provider selected="true" editor-type-id="text-editor">
        <state relative-caret-position="0">
          <caret line="0" column="0" lean-forward="false" selection-start-line="0" selection-start-column="0" selection-end-line="0" selection-end-column="0" />
          <folding>
            <element signature="imports" expanded="true" />
            <element signature="e#9033#9041#0" expanded="true" />
            <element signature="e#9191#9199#0" expanded="true" />
            <element signature="e#15738#15739#0" expanded="true" />
            <element signature="e#15798#15799#0" expanded="true" />
            <element signature="method#finalize#0;class#Crawler#0" expanded="false" />
          </folding>
        </state>
      </provider>
    </entry>
    <entry file="file://$PROJECT_DIR$/src/Spider.java">
      <provider selected="true" editor-type-id="text-editor">
        <state relative-caret-position="1152">
          <caret line="64" column="21" lean-forward="true" selection-start-line="64" selection-start-column="21" selection-end-line="64" selection-end-column="21" />
          <folding />
        </state>
      </provider>
    </entry>
    <entry file="file://$PROJECT_DIR$/seed.txt">
      <provider selected="true" editor-type-id="text-editor">
        <state relative-caret-position="90">
          <caret line="5" column="18" lean-forward="false" selection-start-line="5" selection-start-column="18" selection-end-line="5" selection-end-column="18" />
          <folding />
        </state>
      </provider>
    </entry>
    <entry file="file://$PROJECT_DIR$/src/Crawler.java">
      <provider selected="true" editor-type-id="text-editor">
        <state relative-caret-position="630">
          <caret line="47" column="0" lean-forward="false" selection-start-line="47" selection-start-column="0" selection-end-line="47" selection-end-column="0" />
          <folding>
            <element signature="imports" expanded="true" />
            <element signature="e#9033#9041#0" expanded="true" />
            <element signature="e#9191#9199#0" expanded="true" />
            <element signature="e#15738#15739#0" expanded="true" />
            <element signature="e#15798#15799#0" expanded="true" />
            <element signature="method#finalize#0;class#Crawler#0" expanded="false" />
          </folding>
        </state>
      </provider>
    </entry>
    <entry file="file://$PROJECT_DIR$/seed.txt">
      <provider selected="true" editor-type-id="text-editor">
        <state relative-caret-position="90">
          <caret line="5" column="23" lean-forward="false" selection-start-line="5" selection-start-column="23" selection-end-line="5" selection-end-column="23" />
          <folding />
        </state>
      </provider>
    </entry>
    <entry file="file://$PROJECT_DIR$/src/Spider.java">
      <provider selected="true" editor-type-id="text-editor">
        <state relative-caret-position="990">
          <caret line="63" column="58" lean-forward="false" selection-start-line="63" selection-start-column="58" selection-end-line="63" selection-end-column="58" />
          <folding />
        </state>
      </provider>
    </entry>
    <entry file="file://$PROJECT_DIR$/src/Crawler.java">
      <provider selected="true" editor-type-id="text-editor">
        <state relative-caret-position="702">
          <caret line="39" column="0" lean-forward="false" selection-start-line="39" selection-start-column="0" selection-end-line="44" selection-end-column="55" />
          <folding>
            <element signature="imports" expanded="true" />
            <element signature="e#9033#9041#0" expanded="true" />
            <element signature="e#9191#9199#0" expanded="true" />
            <element signature="e#15738#15739#0" expanded="true" />
            <element signature="e#15798#15799#0" expanded="true" />
            <element signature="method#finalize#0;class#Crawler#0" expanded="false" />
          </folding>
        </state>
      </provider>
    </entry>
    <entry file="file://$PROJECT_DIR$/seed.txt">
      <provider selected="true" editor-type-id="text-editor">
        <state relative-caret-position="36">
          <caret line="2" column="31" lean-forward="true" selection-start-line="2" selection-start-column="31" selection-end-line="2" selection-end-column="31" />
          <folding />
        </state>
      </provider>
    </entry>
    <entry file="file://$PROJECT_DIR$/src/Spider.java">
      <provider selected="true" editor-type-id="text-editor">
        <state relative-caret-position="918">
          <caret line="51" column="6" lean-forward="true" selection-start-line="51" selection-start-column="6" selection-end-line="51" selection-end-column="6" />
          <folding />
        </state>
      </provider>
    </entry>
    <entry file="file://$PROJECT_DIR$/src/Crawler.java">
      <provider selected="true" editor-type-id="text-editor">
        <state relative-caret-position="1332">
          <caret line="85" column="31" lean-forward="false" selection-start-line="85" selection-start-column="16" selection-end-line="85" selection-end-column="31" />
          <folding>
            <element signature="imports" expanded="true" />
            <element signature="e#9033#9041#0" expanded="true" />
            <element signature="e#9191#9199#0" expanded="true" />
            <element signature="e#15738#15739#0" expanded="true" />
            <element signature="e#15798#15799#0" expanded="true" />
            <element signature="method#finalize#0;class#Crawler#0" expanded="false" />
          </folding>
        </state>
      </provider>
    </entry>
    <entry file="file://$PROJECT_DIR$/src/Spider.java">
      <provider selected="true" editor-type-id="text-editor">
        <state relative-caret-position="270">
          <caret line="17" column="42" lean-forward="false" selection-start-line="17" selection-start-column="42" selection-end-line="17" selection-end-column="42" />
          <folding />
        </state>
      </provider>
    </entry>
    <entry file="file://$PROJECT_DIR$/seed.txt">
      <provider selected="true" editor-type-id="text-editor">
        <state relative-caret-position="36">
          <caret line="2" column="31" lean-forward="false" selection-start-line="2" selection-start-column="31" selection-end-line="2" selection-end-column="31" />
          <folding />
        </state>
      </provider>
    </entry>
    <entry file="file://$PROJECT_DIR$/src/com/panforge/robotstxt/RobotsTxtReader.java">
      <provider selected="true" editor-type-id="text-editor">
        <state relative-caret-position="3060">
          <caret line="170" column="0" lean-forward="true" selection-start-line="170" selection-start-column="0" selection-end-line="170" selection-end-column="0" />
        </state>
      </provider>
    </entry>
    <entry file="file://$PROJECT_DIR$/src/Crawler.java">
      <provider selected="true" editor-type-id="text-editor">
        <state relative-caret-position="0">
          <caret line="0" column="0" lean-forward="false" selection-start-line="0" selection-start-column="0" selection-end-line="0" selection-end-column="0" />
          <folding>
            <element signature="imports" expanded="true" />
            <element signature="e#9033#9041#0" expanded="true" />
            <element signature="e#9191#9199#0" expanded="true" />
            <element signature="e#15738#15739#0" expanded="true" />
            <element signature="e#15798#15799#0" expanded="true" />
            <element signature="method#finalize#0;class#Crawler#0" expanded="false" />
          </folding>
        </state>
      </provider>
    </entry>
    <entry file="jar:///usr/lib/jvm/java-8-openjdk-amd64/jre/lib/rt.jar!/java/util/Queue.class" />
    <entry file="file://$PROJECT_DIR$/src/Spider.java">
      <provider selected="true" editor-type-id="text-editor">
        <state relative-caret-position="252">
          <caret line="17" column="16" lean-forward="true" selection-start-line="17" selection-start-column="16" selection-end-line="17" selection-end-column="16" />
          <folding />
        </state>
      </provider>
    </entry>
    <entry file="file://$PROJECT_DIR$/seed.txt">
      <provider selected="true" editor-type-id="text-editor">
        <state relative-caret-position="18">
          <caret line="1" column="0" lean-forward="false" selection-start-line="1" selection-start-column="0" selection-end-line="2" selection-end-column="31" />
          <folding />
        </state>
      </provider>
    </entry>
    <entry file="jar://$PROJECT_DIR$/lib/jsoup-1.11.2-sources.jar!/org/jsoup/Connection.java">
      <provider selected="true" editor-type-id="text-editor">
        <state relative-caret-position="224">
          <caret line="300" column="37" lean-forward="false" selection-start-line="300" selection-start-column="26" selection-end-line="300" selection-end-column="37" />
        </state>
      </provider>
    </entry>
    <entry file="jar:///usr/lib/jvm/java-8-openjdk-amd64/jre/lib/rt.jar!/java/util/Queue.class" />
    <entry file="file://$PROJECT_DIR$/src/com/panforge/robotstxt/RobotsTxtReader.java">
      <provider selected="true" editor-type-id="text-editor">
        <state relative-caret-position="324">
          <caret line="32" column="5" lean-forward="true" selection-start-line="32" selection-start-column="5" selection-end-line="32" selection-end-column="5" />
        </state>
      </provider>
    </entry>
    <entry file="file://$PROJECT_DIR$/RobotsTxt/pom.xml">
      <provider selected="true" editor-type-id="text-editor">
        <state relative-caret-position="449">
          <caret line="51" column="17" lean-forward="true" selection-start-line="51" selection-start-column="17" selection-end-line="51" selection-end-column="17" />
        </state>
      </provider>
    </entry>
    <entry file="jar:///usr/lib/jvm/java-8-openjdk-amd64/jre/lib/rt.jar!/java/lang/Runnable.class" />
    <entry file="file://$PROJECT_DIR$/queue.txt" />
    <entry file="jar:///usr/lib/jvm/java-8-openjdk-amd64/jre/lib/rt.jar!/java/util/function/Consumer.class" />
    <entry file="jar:///usr/lib/jvm/java-8-openjdk-amd64/jre/lib/rt.jar!/java/util/Iterator.class" />
    <entry file="file://$PROJECT_DIR$/test.txt">
      <provider selected="true" editor-type-id="text-editor">
        <state relative-caret-position="0">
          <caret line="0" column="0" lean-forward="false" selection-start-line="0" selection-start-column="0" selection-end-line="0" selection-end-column="0" />
        </state>
      </provider>
    </entry>
    <entry file="jar:///usr/lib/jvm/java-8-openjdk-amd64/jre/lib/rt.jar!/java/util/Deque.class" />
    <entry file="jar:///usr/lib/jvm/java-8-openjdk-amd64/jre/lib/rt.jar!/java/lang/Thread.class" />
    <entry file="jar:///usr/lib/jvm/java-8-openjdk-amd64/jre/lib/rt.jar!/java/net/URI.class" />
    <entry file="file://$PROJECT_DIR$/gathered_links.txt">
      <provider selected="true" editor-type-id="text-editor">
        <state relative-caret-position="0">
          <caret line="0" column="0" lean-forward="false" selection-start-line="0" selection-start-column="0" selection-end-line="0" selection-end-column="0" />
        </state>
      </provider>
    </entry>
    <entry file="file://$PROJECT_DIR$/queues.txt">
      <provider selected="true" editor-type-id="text-editor">
        <state relative-caret-position="0">
          <caret line="0" column="0" lean-forward="false" selection-start-line="0" selection-start-column="0" selection-end-line="0" selection-end-column="0" />
        </state>
      </provider>
    </entry>
    <entry file="file://$PROJECT_DIR$/web_graph.txt">
      <provider selected="true" editor-type-id="text-editor">
        <state relative-caret-position="0">
          <caret line="0" column="0" lean-forward="false" selection-start-line="0" selection-start-column="0" selection-end-line="0" selection-end-column="0" />
        </state>
      </provider>
    </entry>
    <entry file="file://$PROJECT_DIR$/src/Spider.java">
      <provider selected="true" editor-type-id="text-editor">
        <state relative-caret-position="2472">
          <caret line="105" column="0" lean-forward="false" selection-start-line="105" selection-start-column="0" selection-end-line="105" selection-end-column="0" />
          <folding />
        </state>
      </provider>
    </entry>
    <entry file="file://$PROJECT_DIR$/seed.txt">
      <provider selected="true" editor-type-id="text-editor">
        <state relative-caret-position="240">
          <caret line="10" column="14" lean-forward="false" selection-start-line="10" selection-start-column="14" selection-end-line="10" selection-end-column="14" />
          <folding />
        </state>
      </provider>
    </entry>
    <entry file="jar://$USER_HOME$/programs/jdk-9.0.4/lib/src.zip!/java.base/java/util/ArrayList.java">
      <provider selected="true" editor-type-id="text-editor">
        <state relative-caret-position="11">
          <caret line="99" column="5" lean-forward="false" selection-start-line="99" selection-start-column="5" selection-end-line="99" selection-end-column="5" />
        </state>
      </provider>
    </entry>
    <entry file="file://$PROJECT_DIR$/src/Crawler.java">
      <provider selected="true" editor-type-id="text-editor">
        <state relative-caret-position="24">
          <caret line="27" column="63" lean-forward="false" selection-start-line="27" selection-start-column="63" selection-end-line="27" selection-end-column="63" />
          <folding>
            <element signature="imports" expanded="true" />
            <element signature="e#9033#9041#0" expanded="true" />
            <element signature="e#9191#9199#0" expanded="true" />
            <element signature="e#15738#15739#0" expanded="true" />
            <element signature="e#15798#15799#0" expanded="true" />
            <element signature="method#finalize#0;class#Crawler#0" expanded="false" />
          </folding>
        </state>
      </provider>
    </entry>
  </component>
  <component name="masterDetails">
    <states>
      <state key="ArtifactsStructureConfigurable.UI">
        <settings>
          <artifact-editor />
          <splitter-proportions>
            <option name="proportions">
              <list>
                <option value="0.2" />
              </list>
            </option>
          </splitter-proportions>
        </settings>
      </state>
      <state key="FacetStructureConfigurable.UI">
        <settings>
          <last-edited>No facets are configured</last-edited>
          <splitter-proportions>
            <option name="proportions">
              <list>
                <option value="0.2" />
              </list>
            </option>
          </splitter-proportions>
        </settings>
      </state>
      <state key="GlobalLibrariesConfigurable.UI">
        <settings>
          <last-edited>mpj</last-edited>
          <splitter-proportions>
            <option name="proportions">
              <list>
                <option value="0.2" />
              </list>
            </option>
          </splitter-proportions>
        </settings>
      </state>
      <state key="JdkListConfigurable.UI">
        <settings>
          <last-edited>1.8</last-edited>
          <splitter-proportions>
            <option name="proportions">
              <list>
                <option value="0.2" />
              </list>
            </option>
          </splitter-proportions>
        </settings>
      </state>
      <state key="ModuleStructureConfigurable.UI">
        <settings>
          <last-edited>Crawler</last-edited>
          <splitter-proportions>
            <option name="proportions">
              <list>
                <option value="0.2" />
                <option value="0.6" />
              </list>
            </option>
          </splitter-proportions>
        </settings>
      </state>
      <state key="ProjectJDKs.UI">
        <settings>
          <last-edited>1.8</last-edited>
          <splitter-proportions>
            <option name="proportions">
              <list>
                <option value="0.2" />
              </list>
            </option>
          </splitter-proportions>
        </settings>
      </state>
      <state key="ProjectLibrariesConfigurable.UI">
        <settings>
          <last-edited>org.mongodb:mongo-java-driver:3.6.1</last-edited>
          <splitter-proportions>
            <option name="proportions">
              <list>
                <option value="0.2" />
              </list>
            </option>
          </splitter-proportions>
        </settings>
      </state>
    </states>
  </component>
</project>